"Individuals Licenses and permits",0,1,0,0
"tax on immovable property",1131000001,1,11,113
"Assesement rates-industrial",1131000002,1,11,113
"Assesement rates-other commercial",1131000003,1,11,113
"Assesement rates-Residential",1131000004,1,11,113
"Supplimentary charges/rates",1131000005,1,11,113
"Development levy -A1",1131000006,1,11,113
"Development levy -A2",1131000007,1,11,113
"Development levy -Communal",1131000008,1,11,113
"Development levy -mines",1131000009,1,11,113
"Royalties-General",1141200005,1,11,114
"Motor vehicle licences individuals",1145100001,1,11,114
"Motor vehicle licences corporates",1145100002,1,11,114
"Payable by individuals",1145210001,1,11,114
"Payable by corporations and other enterprises",1145210002,1,11,114
"Liquor licences",1145210003,1,11,114
"General dealers licence",1145210004,1,11,114
"Manufacturing licence",1145210005,1,11,114
"Other trading licences",1145210006,1,11,114
"Individuals Licenses and permits",1145240001,1,11,114
"Corporations Licenses and permits",1145240002,1,11,114
"Fishing permit",1145250003,1,11,114
"Resource utilisation permit",1145250004,1,11,114
"Mineral ore transporters fees",1145250005,1,11,114
"Current",1311000001,1,13,131
"Capital Grants from International Organization",1322000001,1,13,132
"Current Grants: From Budgetary central government",1331000001,1,13,133
"Current Grants: From Extrabudgetary entities",1331000002,1,13,133
"Current Grants: From Local government",1331000003,1,13,133
"Current Grants: From Regional government",1331000004,1,13,133
"Current Grants: From Social security funds",1331000005,1,13,133
"Current Grants: From government subsector n.e.c",1331000006,1,13,133
"Capital Grants: From Budgetary central government",1332000001,1,13,133
"Capital Grants: From Extrabudgetary entities",1332000002,1,13,133
"Capital Grants: From Regional government",1332000004,1,13,133
"Capital Grants: From Social security funds",1332000005,1,13,133
"Capital Grants: From government subsector n.e.c",1332000006,1,13,133
"Loans",1411100005,1,14,141
"Debt Securities",1411210001,1,14,141
"Accounts receivables",1411210002,1,14,141
"Currency and Deposits",1411210003,1,14,141
"Loans",1411210004,1,14,141
"Debt Securities",1411220001,1,14,141
"Currency and Deposits",1411220003,1,14,141
"Loans",1411220004,1,14,141
"Debt Securities",1411230001,1,14,141
"Accounts receivables",1411230002,1,14,141
"Currency and Deposits",1411230003,1,14,141
"Loans",1411230004,1,14,141
"Debt Securities  Public financial corporation",1411240001,1,14,141
"Accounts receivables- Public financial corporation",1411240002,1,14,141
"Currency and Deposits- Public financial corporation",1411240003,1,14,141
"Loans  Public financial corporation",1411240004,1,14,141
"Debt Securities- Households",1411250001,1,14,141
"Currency and Deposits- Households",1411250003,1,14,141
"Loans- Households",1411250004,1,14,141
"Debt Securities",1411270001,1,14,141
"Accounts receivables",1411270002,1,14,141
"Currency and Deposits",1411270003,1,14,141
"Loans",1411270004,1,14,141
"Debt Securities",1411280001,1,14,141
"Accounts receivables",1411280002,1,14,141
"Loans",1411280003,1,14,141
"Dividends: From Public corporations",1412200001,1,14,141
"Dividends: From Private corporations",1412200002,1,14,141
"Dividends: From Extrabudgetary entities",1412200003,1,14,141
"Dividends: From Local government",1412200004,1,14,141
"Dividends: From Regional government",1412200005,1,14,141
"Dividends: From Social security funds",1412200006,1,14,141
"Dividends: From residents n.e.c",1412200007,1,14,141
"Withdrawals of income from quasi-corporations",1413100001,1,14,141
"Profit on disposals",1414000001,1,14,141
"Rent A1  Farms",1415000001,1,14,141
"Rent A2 Farms",1415000002,1,14,141
"Base Stations Land",1415000003,1,14,141
"Natural Forest",1415000004,1,14,141
"Fishing licences",1415000005,1,14,141
"Trading Site Lease",1415000011,1,14,141
"Bill boards rent",1415000012,1,14,141
"stand leases(not for resale)",1415000013,1,14,141
"Sale of goods",1421000001,1,14,142
"Sale of services",1421000002,1,14,142
"Sale by quasi cooperations",1421000003,1,14,142
"Profit on disposals",1421000005,1,14,142
"Other fees",1422000017,1,14,142
"General Agriculture fees",1422000022,1,14,142
"Institutional Fines",1422000025,1,14,142
"Institutional Educational Levies",1422000026,1,14,142
"Amenities Fees",1422000027,1,14,142
"Application Fees/waiting list",1422000028,1,14,142
"Building adminstration fees",1422000029,1,14,142
"Natural resources fees",1422000030,1,14,142
"search fees",1422000031,1,14,142
"Change of owner ship fees",1422000032,1,14,142
"Cession fees",1422000033,1,14,142
"Endowment fees",1422000034,1,14,142
"Parking fees-revenue",1422000035,1,14,142
"Health fees",1422000036,1,14,142
"Public Toilet Fees",1422000037,1,14,142
"way leaves",1422000038,1,14,142
"Termini fees",1422000039,1,14,142
"Beer levy",1422000040,1,14,142
"Abatoir fees",1422000041,1,14,142
"Ambulance fees",1422000042,1,14,142
"Fire brigade fees",1422000043,1,14,142
"Fees at government hospitals and clinics",1422000044,1,14,142
"Tuition fees",1422000046,1,14,142
"Admission fees to government museums",1422000047,1,14,142
"Admission fees parks, and cultural and recreational facilities",1422000048,1,14,142
"Tender documents Sale/fees",1422000049,1,14,142
"Education Levy",1422000050,1,14,142
"Sales of products made at vocational institutions",1423000001,1,14,142
"Sales not elsewhere classified",1423000006,1,14,142
"Imputed sales of goods and services for paying employees",1424000001,1,14,142
"Institutional Accommodation",1425000001,1,14,142
"Hire of facilities",1425000003,1,14,142
"Hire of equipment-revenue",1425000005,1,14,142
"Office Rentals",1425000006,1,14,142
"House Rentals",1425000007,1,14,142
"Lease of  commercial stand",1425100001,1,14,142
"Lease of institutional stand",1425100002,1,14,142
"Lease of residential stand",1425100003,1,14,142
"sale of  commercial stand",1425200001,1,14,142
"Sale of institutional stand",1425200002,1,14,142
"sale of residential stand",1425200003,1,14,142
"sale of industrial stand",1425200004,1,14,142
"sewer charges",1425300001,1,14,142
"Public Lighting",1425300002,1,14,142
"Water charges",1425300003,1,14,142
"Fire Levy",1425300004,1,14,142
"Refuse Charges",1425300005,1,14,142
"Other services charges (road side walk)",1425300006,1,14,142
"Education/school levy",1425300007,1,14,142
"Roads levy",1425300008,1,14,142
"Forfeits",1430000003,1,14,143
"Employment Related Penalties",1430000004,1,14,143
"Trafic enforcement penalty",1430000005,1,14,143
"Building Enforcement Penalty",1430000006,1,14,143
"Trading Penalty",1430000007,1,14,143
"Environment",1430000008,1,14,143
"Other penalties and fines",1430000009,1,14,143
"Pound Fees (for animals)",1430000010,1,14,143
"Subsidies: From Budgetary central government",1441100001,1,14,144
"Subsidies: From Extrabudgetary entities",1441100002,1,14,144
"Subsidies: From Local government",1441100003,1,14,144
"Subsidies: From Regional government",1441100004,1,14,144
"Subsidies: From Social security funds",1441100005,1,14,144
"Subsidies: From general government n.e.c",1441100006,1,14,144
"Donations",1441201001,1,14,144
"Gifts",1441201002,1,14,144
"Currents transfers not considered to be donations or gifts",1441201003,1,14,144
"Donations",1441202001,1,14,144
"Gifts",1441202002,1,14,144
"Currents transfers not considered to be donations or gifts",1441202003,1,14,144
"Donations",1441203001,1,14,144
"Gifts",1441203002,1,14,144
"Currents transfers not considered to be donations or gifts",1441203003,1,14,144
"Donations",1441205001,1,14,144
"Gifts",1441205002,1,14,144
"Donations",1441210001,1,14,144
"Gifts",1441210002,1,14,144
"Capital transfers n.e.c: From Public corporations",1442000004,1,14,144
"Capital transfers n.e.c: From Private corporations",1442000006,1,14,144
"Capital transfers n.e.c: From Households",1442000007,1,14,144
"Capital transfers n.e.c: From Nonprofit institutions serving households",1442000008,1,14,144
"Capital transfers n.e.c: From Budgetary central government",1442000009,1,14,144
"Capital transfers n.e.c: From Extrabudgetary entities",1442000010,1,14,144
"Capital transfers n.e.c: From Local government",1442000011,1,14,144
"Capital transfers n.e.c: From Regional government",1442000012,1,14,144
"Capital transfers n.e.c: From Social security funds",1442000013,1,14,144
"Capital transfers n.e.c: From unidentifiable source",1442000014,1,14,144
"Basic salary",2111000001,2,21,211
"Constitutional salary",2111000002,2,21,211
"Casual labourers",2111000003,2,21,211
"Part time",2111000004,2,21,211
"Contract",2111000005,2,21,211
"External Service/Resident",2111000006,2,21,211
"External Service/Non Resident",2111000007,2,21,211
"Abnormal hours",2111000050,2,21,211
"Acting",2111000051,2,21,211
"Ambulance driver",2111000052,2,21,211
"Anaesthetic",2111000053,2,21,211
"Bituman",2111000054,2,21,211
"Bonus",2111000055,2,21,211
"Calculated overtime allowance",2111000057,2,21,211
"Call out allowance",2111000058,2,21,211
"Cash in lieu of leave (C.I.L)/ Encashment",2111000059,2,21,211
"Catering allowance",2111000060,2,21,211
"Cellphone",2111000061,2,21,211
"Control posts allowance",2111000065,2,21,211
"Cycle allowance",2111000066,2,21,211
"Domestic Worker Allowance",2111000067,2,21,211
"Driving Allowance",2111000069,2,21,211
"Education Allowance",2111000070,2,21,211
"Housing allowance",2111000077,2,21,211
"Internship/Attachment",2111000079,2,21,211
"Living out allowance",2111000082,2,21,211
"Locum",2111000083,2,21,211
"Night duty allowance",2111000086,2,21,211
"On call allowance",2111000087,2,21,211
"Professional and Technical Allowance",2111000091,2,21,211
"Relocation Allowance",2111000092,2,21,211
"Representation allowance",2111000093,2,21,211
"Responsibility allowance",2111000095,2,21,211
"Retention Allowance",2111000096,2,21,211
"Risk Allowance",2111000097,2,21,211
"Sanitary allowance",2111000098,2,21,211
"Uniforms",2111000110,2,21,211
"X-Ray operator allowance",2111000111,2,21,211
"Mortuary attendant allowance",2111000112,2,21,211
"Student allowances",2111000113,2,21,211
"Special allowance",2111000114,2,21,211
"Councillors Allowances",2111000116,2,21,211
"Tutors / Instructors",2111000117,2,21,211
"Messengers allowances",2111000120,2,21,211
"Entertainment Allowance",2111000122,2,21,211
"Rural Allowance",2111000125,2,21,211
"School Fees Allowance",2111000127,2,21,211
"Practising Allowance",2111000128,2,21,211
"Charge hand allowance (foreman)",2111000135,2,21,211
"Chauffer allowance",2111000136,2,21,211
"anaesthetic",2111000137,2,21,211
"Sitting Allowance",2111000138,2,21,211
"Electricity and water allowance",2111000140,2,21,211
"Suspension allowance",2111000142,2,21,211
"Trade allowance",2111000144,2,21,211
"Motor vehicle allowance",2111000146,2,21,211
"Fringe Benefits allowance",2111000149,2,21,211
"camping allowance",2111000151,2,21,211
"Tools allowance",2111000152,2,21,211
"Cash handling allowance",2111000154,2,21,211
"long service award",2111000155,2,21,211
"Private mileage allowance",2111000156,2,21,211
"commisioner allowance (representation of councillors",2111000159,2,21,211
"Shift allowance",2111001000,2,21,211
"Slaughter floor allowance",2111001001,2,21,211
"Stand by allowance",2111001004,2,21,211
"Telephone",2111001006,2,21,211
"Theartre allowance",2111001007,2,21,211
"Transport allowance",2111001009,2,21,211
"Chiefs and headman allowance",2111003010,2,21,211
"S.I.K Food and refreshments",2112000001,2,21,211
"S.I.K Clothing",2112000002,2,21,211
"S.I.K Housing",2112000003,2,21,211
"S.I.K Diesel/Petrol",2112000004,2,21,211
"S.I.K Vehicle hire and lease",2112000005,2,21,211
"S.I.K Free travel",2112000006,2,21,211
"S.I.K Sports, recreation or holidays",2112000007,2,21,211
"S.I.K Transport",2112000008,2,21,211
"S.I.K Child care",2112000009,2,21,211
"S.I.K Reduced Interest on Loan",2112000010,2,21,211
"S.I.K Newspapers",2112000011,2,21,211
"S.I.K Bonus shares or stock options",2112000012,2,21,211
"subsides land sales",2112000013,2,21,211
"National Social Security Scheme",2121000001,2,21,212
"Contributions to health insurance",2121000002,2,21,212
"Contributions to pension funds",2121000003,2,21,212
"Personal Accident Insurance",2121000004,2,21,212
"Severance payments",2121000006,2,21,212
"Medical Expenses",2121000007,2,21,212
"Funeral Expenses",2121000008,2,21,212
"Pension Employer Contributions",2121000009,2,21,212
"Gratuity",2121000010,2,21,212
"Family benefits",2122000001,2,21,212
"Sick leave",2122000002,2,21,212
"Maternity leave",2122000003,2,21,212
"Severance payments",2122000004,2,21,212
"Medical Expenses",2122000005,2,21,212
"Funeral Expenses",2122000006,2,21,212
"Pension Employer Contributions",2122000007,2,21,212
"Gratuity",2122000008,2,21,212
"Public Relations & Advertising",2200100001,2,22,220
"Courier services",2200100002,2,22,220
"Internet",2200100003,2,22,220
"Maps",2200100004,2,22,220
"News services fees",2200100005,2,22,220
"Newspapers - general",2200100006,2,22,220
"Postal charges",2200100007,2,22,220
"Printing Services",2200100008,2,22,220
"Audio/visual Tapes, records & disks",2200100009,2,22,220
"Telephone -fixed",2200100010,2,22,220
"Telephone-mobile",2200100011,2,22,220
"Telex /fax",2200100012,2,22,220
"Airwaves and Radio license",2200100013,2,22,220
"Exhibitions",2200100014,2,22,220
"Telephone - Roaming",2200100015,2,22,220
"Archive material",2200200001,2,22,220
"Books",2200200002,2,22,220
"Laboratory accessories",2200200003,2,22,220
"Learning material",2200200004,2,22,220
"Periodicals",2200200005,2,22,220
"School/ College meals",2200200006,2,22,220
"Sporting goods,",2200200007,2,22,220
"Teaching/Training materials",2200200008,2,22,220
"Examination expenses",2200200009,2,22,220
"Accomodation",2200300001,2,22,220
"Catering",2200300002,2,22,220
"Entertainment",2200300003,2,22,220
"Gifts and Donations",2200300004,2,22,220
"Visitors transport",2200300005,2,22,220
"Ex-gratia",2200300006,2,22,220
"Anti-retroviral drugs &HIV Kits",2200400001,2,22,220
"Blood and Blood products",2200400002,2,22,220
"Contraceptives",2200400003,2,22,220
"Dental supplies",2200400004,2,22,220
"Drugs and medicines (not ARV drugs)",2200400005,2,22,220
"Laboratory fees",2200400006,2,22,220
"Medical examinations",2200400007,2,22,220
"Medical laboratory supplies",2200400008,2,22,220
"Post mortem expenses",2200400009,2,22,220
"Surgical supplies",2200400010,2,22,220
"Vaccines",2200400011,2,22,220
"X-ray Supplies",2200400012,2,22,220
"Medical Gases",2200400013,2,22,220
"Mortuary Expenses",2200400014,2,22,220
"special Medical Requirements",2200400015,2,22,220
"Tuberculosis Drugs",2200400016,2,22,220
"Health systems strengthening",2200400017,2,22,220
"Pathology services",2200400018,2,22,220
"Microfilm/photocopying & photographic materials",2200600001,2,22,220
"Computer consumables, accessories & supplies",2200600002,2,22,220
"Renewal of computer software licenses",2200600003,2,22,220
"Stationery supplies",2200600004,2,22,220
"Air charters",2200700001,2,22,220
"Boat hire",2200700002,2,22,220
"Office accommodation",2200700003,2,22,220
"Plant, Machinery and equipment-Hire/lease and services",2200700004,2,22,220
"Staff accommodation",2200700005,2,22,220
"Conferences",2200700006,2,22,220
"Storage accommodation",2200700007,2,22,220
"Train / bulk movement",2200700008,2,22,220
"Vehicle hire and lease general",2200700009,2,22,220
"Training Allowances and incidentals",2200800001,2,22,220
"Training - Travel expenses",2200800002,2,22,220
"Training - Tuition and exam fees",2200800003,2,22,220
"Training - Accommodation",2200800004,2,22,220
"Domestic allowances for accomodation, meals etc",2200900001,2,22,220
"Domestic travel fares",2200900002,2,22,220
"Baggage fee - Local",2200900003,2,22,220
"Toll/Parking Fees",2200900004,2,22,220
"Departure fee - Local",2200900005,2,22,220
"Domestic Allowances -others",2200900006,2,22,220
"External travel fares",2201000001,2,22,220
"Foreign allowances for accomodation, meals etc",2201000002,2,22,220
"Visas",2201000003,2,22,220
"Baggage fee - Foreign",2201000004,2,22,220
"Departure fee - Foreign",2201000005,2,22,220
"Toll/Parking Fees- Foreign",2201000006,2,22,220
"Medical Vaccination - for Foreign Travel",2201000007,2,22,220
"Medical Insurance- Foreign Travell",2201000008,2,22,220
"Vehicle Hire- Foreign Travell",2201000009,2,22,220
"Coal",2201100001,2,22,220
"Electricity",2201100002,2,22,220
"Firewood",2201100003,2,22,220
"Gas",2201100004,2,22,220
"Water",2201100005,2,22,220
"Rates",2201100006,2,22,220
"Sewage and Refuse Collection & Other charges",2201100007,2,22,220
"Hire of services",2201100008,2,22,220
"Heating oil",2201100009,2,22,220
"Stock feed",2201200001,2,22,220
"Agro-Chemicals",2201200002,2,22,220
"Fertiliser",2201200003,2,22,220
"Seed and seedlings",2201200004,2,22,220
"Targets and attractants",2201200005,2,22,220
"Dip chemicals",2201200006,2,22,220
"Veterinary Vaccines",2201200007,2,22,220
"Veterinary Drugs",2201200008,2,22,220
"Veterinary Laboratory Expenses",2201200009,2,22,220
"Water Treatment chemicals",2201200010,2,22,220
"Sewerage Treatment chemicals",2201200011,2,22,220
"Refunds - Revenue",2201300001,2,22,220
"Audit Fees",2201400001,2,22,220
"Audit Committee expenses",2201400002,2,22,220
"Bank transaction fees",2201400003,2,22,220
"Board fees",2201400004,2,22,220
"Borrowing  related costs",2201400005,2,22,220
"Consultancy fees/extranoeus professional services",2201400006,2,22,220
"Debt collection expenses",2201400007,2,22,220
"Exchange rate loss",2201400008,2,22,220
"Legal fees",2201400009,2,22,220
"Loss on disposal",2201400010,2,22,220
"Loss of public money",2201400011,2,22,220
"Fiscal Fiduciary Fees",2201400012,2,22,220
"Import Duty",2201400013,2,22,220
"Holding Loss",2201400014,2,22,220
"Technical related costs",2201400015,2,22,220
"Valuation expenses",2201400016,2,22,220
"Bedding and linen",2201500001,2,22,220
"Uniform/Ceremonial dress and National symbols",2201500002,2,22,220
"Protective clothing",2201500003,2,22,220
"Food and refreshments",2201500004,2,22,220
"Rations",2201500005,2,22,220
"Toiletries",2201500006,2,22,220
"Honorariums and awards",2201600001,2,22,220
"Material licence discs and number plates",2201600002,2,22,220
"Witness expenses",2201600003,2,22,220
"Cost Insurance and Freight including  Demurrage",2201600006,2,22,220
"Procurement and Handling Fees",2201600008,2,22,220
"General Insurance",2201600009,2,22,220
"Hunting qoutas",2201600010,2,22,220
"commissions expenses",2201600011,2,22,220
"Raw Water",2201600012,2,22,220
"Building Maintenance",2201700001,2,22,220
"Road Maintenance",2201700002,2,22,220
"Walling and Fencing Maintenance",2201700003,2,22,220
"Plumbing Maintenance",2201700004,2,22,220
"Electrical supplies Maintenance",2201700005,2,22,220
"Borehole casings and accessories Maintenance",2201700006,2,22,220
"Building Repairs",2201700007,2,22,220
"Road Repairs",2201700008,2,22,220
"Walling and Fencing Repairs",2201700009,2,22,220
"Plumbing Repairs",2201700010,2,22,220
"Electrical supplies Repairs",2201700011,2,22,220
"Borehole casings and accessories Repairs",2201700012,2,22,220
"Infrastrucure maintainance",2201700013,2,22,220
"Infrastrucure Repairs",2201700014,2,22,220
"Tools and Implements",2201800001,2,22,220
"Parts - Technical equipment",2201800002,2,22,220
"Medical and Diagnostic equipment",2201800003,2,22,220
"Office equipment",2201800004,2,22,220
"Residental Furniture and Equipment",2201800005,2,22,220
"Technical  maintenance",2201800006,2,22,220
"Technical  repairs",2201800007,2,22,220
"Maintenance of mobile equipment",2201900001,2,22,220
"Maintenance of vehicles",2201900002,2,22,220
"Repairs of mobile equipment",2201900003,2,22,220
"Repairs of vehicles",2201900004,2,22,220
"Tyres/batteries",2201900005,2,22,220
"Motor vehicle Insurance",2201900006,2,22,220
"Motor vehicle Iicences",2201900007,2,22,220
"Maintenance of plant and fixed equipment",2202000001,2,22,220
"Repairs of plant and fixed equipment",2202000002,2,22,220
"Spare parts- mechanical /electrical",2202000003,2,22,220
"Fumigation, Chemicals and insecticides",2202100001,2,22,220
"Mops, brooms and brushes",2202100002,2,22,220
"Disinfectants and detergents",2202100003,2,22,220
"Dry Cleaning and Laundry services",2202100004,2,22,220
"Diesel",2202200002,2,22,220
"Petrol",2202200003,2,22,220
"Lubricants",2202200004,2,22,220
"Oils",2202200005,2,22,220
"Parafin",2202200006,2,22,220
"Local Subscriptions",2202300001,2,22,220
"Foreign Subscriptions",2202300002,2,22,220
"Depreciation - Residential Buildings",2301110001,2,23,230
"Depreciation - Caravans",2301110002,2,23,230
"Depreciation - Houseboats",2301110003,2,23,230
"Depreciation - Mobile Homes",2301110004,2,23,230
"Impairment of fixed assets - Residential Buildings",2301110005,2,23,230
"Impairment of fixed assets - Caravans",2301110006,2,23,230
"Impairment of fixed assets - Houseboats",2301110007,2,23,230
"Impairment of fixed assets - Mobile Homes",2301110008,2,23,230
"Depreciation - Commercial Buildings",2301120001,2,23,230
"Depreciation - Industrial Buildings",2301120002,2,23,230
"Depreciation - Institutional Buildings",2301120003,2,23,230
"Impairment of fixed assets -  Commercial Buildings",2301120004,2,23,230
"Impairment of fixed assets - Industrial Buildings",2301120005,2,23,230
"Impairment of fixed assets -  Institutional Buildings",2301120006,2,23,230
"Depreciation - Airport, Runways & Helipads",2301130001,2,23,230
"Depreciation - Roads",2301130002,2,23,230
"Depreciation - Bridges",2301130003,2,23,230
"Depreciation - Civil Works",2301130004,2,23,230
"Depreciation - Dams",2301130005,2,23,230
"Depreciation - Water Works",2301130006,2,23,230
"Depreciation - Boreholes",2301130007,2,23,230
"Depreciation - Dip Tanks & Live Stock Management Facilities",2301130008,2,23,230
"Depreciation - Irrigation Schemes",2301130009,2,23,230
"Depreciation - Monuments",2301130010,2,23,230
"Depreciation - Railway",2301130011,2,23,230
"Impairment of fixed assets - Airport, Runways & Helipads",2301130012,2,23,230
"Impairment of fixed assets - Roads",2301130013,2,23,230
"Impairment of fixed assets - Bridges",2301130014,2,23,230
"Impairment of fixed assets - Civil Works",2301130015,2,23,230
"Impairment of fixed assets - Dams",2301130016,2,23,230
"Impairment of fixed assets - Water Works",2301130017,2,23,230
"Impairment of fixed assets - Boreholes",2301130018,2,23,230
"Impairment of fixed assets - Dip Tanks & Live Stock Management Facilities",2301130019,2,23,230
"Impairment of fixed assets - Irrigation Schemes",2301130020,2,23,230
"Impairment of fixed assets - Monuments",2301130021,2,23,230
"Impairment of fixed assets - Railway",2301130022,2,23,230
"Depreciation - Boats & Water Craft",2301210002,2,23,230
"Depreciation - Motor Cycles & Bicycles",2301210003,2,23,230
"Depreciation - Motor Vehicles",2301210004,2,23,230
"Depreciation -Tractors and Earthmoving Equipment",2301210005,2,23,230
"Impairment of fixed assets - Boats & Water Craft",2301210007,2,23,230
"Impairment of fixed assets - Motor Cycles & Bicycles",2301210008,2,23,230
"Impairment of fixed assets - Motor Vehicles",2301210009,2,23,230
"Impairment of fixed assets - Tractors and Earthmoving Equipment",2301210010,2,23,230
"Information, Computer & Telecommunication (ICT) Equipment",2301221001,2,23,230
"Generators",2301222001,2,23,230
"Machinery & Equipment not elsewhere classified -",2301222002,2,23,230
"Survey Equipment",2301222003,2,23,230
"Funeral Equipment",2301222004,2,23,230
"Photographic/Media Equipment",2301222005,2,23,230
"Sports Equipment",2301222006,2,23,230
"Teaching and Training Equipment",2301222007,2,23,230
"Navigational and Telecommunications Equipment",2301222008,2,23,230
"Camping equipment",2301222009,2,23,230
"Kitchen and Culinary Equipment",2301222010,2,23,230
"Office Equipment",2301222011,2,23,230
"Furniture and Fittings",2301222012,2,23,230
"Laboratory Equipment",2301222013,2,23,230
"Hospital Equipment",2301222014,2,23,230
"Scales and Measures",2301222015,2,23,230
"Fire Fighting Equipment",2301222016,2,23,230
"Impairment of fixed assets - Animal Resources Yielding Repeat Products",2301310001,2,23,230
"Impairment of fixed assets - Tree, Crop & Plant Resources Yielding Repeat Products",2301310002,2,23,230
"Impairment of fixed assets - Research & Development",2301320001,2,23,230
"Impairment of fixed assets - Mineral Exploration & Evaluation",2301320002,2,23,230
"computer software",2301320003,2,23,230
"Data bases",2301320004,2,23,230
"Entertainment, Literary & Artistic Originals",2301320005,2,23,230
"Other Intellectual & Property Products",2301320006,2,23,230
"Impairment of fixed assets - Computer Software & Databases",2301320007,2,23,230
"Impairment of fixed assets - Entertainment, Literary & Artistic Originals",2301320008,2,23,230
"Impairment of fixed assets - Other Intellectual & Property Products",2301320009,2,23,230
"Costs of ownership",2301330001,2,23,230
"Impairment of fixed assets - Cost of ownership",2301330002,2,23,230
"Weapons systems",2301400001,2,23,230
"Impairment of fixed assets - Weapon systems",2301400002,2,23,230
"Interest on Currency and deposits",2410000002,2,24,241
"Interest on Debt securities",2410000003,2,24,241
"Interest on Concessional loans -foreign",2411000001,2,24,241
"Interest on  Non-Concessional-loans-foreign",2411000002,2,24,241
"Interest on Financial derivatives",2411000003,2,24,241
"Interest on Trade credit and advances Foreign",2411000004,2,24,241
"Interest on Other accounts payable -Foreign",2411000005,2,24,241
"Interest on TBs General GVT- BANKS (Treasury Bills)",2421000002,2,24,242
"Interest on TBs General GVT- Non-Banks (Treasury Bills)",2421000003,2,24,242
"Interest on Treasury bonds General GVT- BANKS",2421000004,2,24,242
"Interest on Treasury Bonds General GVT- Non-Banks",2421000005,2,24,242
"Interest on Financial derivatives (Loans)",2421000006,2,24,242
"Interest on Trade credit and advances",2421000007,2,24,242
"Interest on Other accounts payable",2421000008,2,24,242
"Interest on Currency and deposits",2422000001,2,24,242
"Interest on TBs General GVT- BANKS (Treasury Bills)",2422000002,2,24,242
"Interest on TBs General GVT- Non-Banks (Treasury Bills)",2422000003,2,24,242
"Interest on Treasury bonds General GVT- BANKS",2422000004,2,24,242
"Interest on Treasury Bonds General GVT- Non-Banks",2422000005,2,24,242
"Interest on Financial derivatives (Loans)",2422000006,2,24,242
"Interest on Trade credit and advances",2422000007,2,24,242
"Interest on Other accounts payable",2422000008,2,24,242
"Interest on Currency and deposits",2423000001,2,24,242
"Interest on TBs General GVT- BANKS (Treasury Bills)",2423000002,2,24,242
"Interest on TBs General GVT- Non-Banks (Treasury Bills)",2423000003,2,24,242
"Interest on Treasury bonds General GVT- BANKS",2423000004,2,24,242
"Interest on Treasury Bonds General GVT- Non-Banks",2423000005,2,24,242
"Interest on Financial derivatives (Loans)",2423000006,2,24,242
"Interest on Trade credit and advances",2423000007,2,24,242
"Interest on Other accounts payable",2423000008,2,24,242
"Interest on Currency and deposits",2424000001,2,24,242
"Interest on TBs General GVT- BANKS (Treasury Bills)",2424000002,2,24,242
"Interest on TBs General GVT- Non-Banks (Treasury Bills)",2424000003,2,24,242
"Interest on Treasury bonds General GVT- BANKS",2424000004,2,24,242
"Interest on Treasury Bonds General GVT- Non-Banks",2424000005,2,24,242
"Interest on Financial derivatives (Loans)",2424000006,2,24,242
"Interest on Trade credit and advances",2424000007,2,24,242
"Interest on Other accounts payable",2424000008,2,24,242
"Interest on Currency and deposits",2426000001,2,24,242
"Interest on TBs General GVT- BANKS (Treasury Bills)",2426000002,2,24,242
"Interest on TBs General GVT- Non-Banks (Treasury Bills)",2426000003,2,24,242
"Interest on Treasury bonds General GVT- BANKS",2426000004,2,24,242
"Interest on Treasury Bonds General GVT- Non-Banks",2426000005,2,24,242
"Interest on Financial derivatives (Loans)",2426000006,2,24,242
"Interest on Trade credit and advances",2426000007,2,24,242
"Interest on Other accounts payable",2426000008,2,24,242
"Interest on Currency and deposits",2431000001,2,24,243
"Interest on TBs General GVT- BANKS (Treasury Bills)",2431000002,2,24,243
"Interest on TBs General GVT- Non-Banks (Treasury Bills)",2431000003,2,24,243
"Interest on Treasury bonds General GVT- BANKS",2431000004,2,24,243
"Interest on Treasury Bonds General GVT- Non-Banks",2431000005,2,24,243
"Interest on Financial derivatives (Loans)",2431000006,2,24,243
"Interest on Trade credit and advances",2431000007,2,24,243
"Interest on Other accounts payable",2431000008,2,24,243
"Interest on Currency and deposits",2432000001,2,24,243
"Interest on TBs General GVT- BANKS (Treasury Bills)",2432000002,2,24,243
"Interest on TBs General GVT- Non-Banks (Treasury Bills)",2432000003,2,24,243
"Interest on Treasury bonds General GVT- BANKS",2432000004,2,24,243
"Interest on Treasury Bonds General GVT- Non-Banks",2432000005,2,24,243
"Interest on Financial derivatives (Loans)",2432000006,2,24,243
"Interest on Trade credit and advances",2432000007,2,24,243
"Interest on Other accounts payable",2432000008,2,24,243
"Interest on Trade credit and advances",2434000007,2,24,243
"Interest on Other accounts payable",2434000008,2,24,243
"Interest on Currency and deposits",2435000001,2,24,243
"Interest on TBs General GVT- BANKS (Treasury Bills)",2435000002,2,24,243
"Interest on TBs General GVT- Non-Banks (Treasury Bills)",2435000003,2,24,243
"Interest on Treasury bonds General GVT- BANKS",2435000004,2,24,243
"Interest on Treasury Bonds General GVT- Non-Banks",2435000005,2,24,243
"Interest on Financial derivatives (Loans)",2435000006,2,24,243
"Interest on Trade credit and advances",2435000007,2,24,243
"Interest on Other accounts payable",2435000008,2,24,243
"Interest on Currency and deposits",2436000001,2,24,243
"Interest on TBs General GVT- BANKS (Treasury Bills)",2436000002,2,24,243
"Interest on TBs General GVT- Non-Banks (Treasury Bills)",2436000003,2,24,243
"Interest on Treasury bonds General GVT- BANKS",2436000004,2,24,243
"Interest on Treasury Bonds General GVT- Non-Banks",2436000005,2,24,243
"Interest on Financial derivatives (Loans)",2436000006,2,24,243
"Interest on Trade credit and advances",2436000007,2,24,243
"Interest on Other accounts payable",2436000008,2,24,243
"Compensation of Employees - Grant",2611000001,2,26,261
"Use of goods and services - Grant",2611000002,2,26,261
"Social Benefits - Grant",2611000003,2,26,261
"Other Expenses - Grant",2611000004,2,26,261
"Dwellings - Grant",2612000001,2,26,261
"Nonresidential buildings - Grant",2612000002,2,26,261
"Other Structures - Grant",2612000003,2,26,261
"Transport Equipment - Grant",2612000004,2,26,261
"Other Machinery and Equipment - Grant",2612000005,2,26,261
"Compensation of Employees - Foreign Grant",2621000001,2,26,262
"Use of goods and services - Foreign Grant",2621000002,2,26,262
"Social Benefits - Foreign Grant",2621000003,2,26,262
"Other Expenses - Foreign Grant",2621000004,2,26,262
"Dwellings - Foreign Grant",2622000001,2,26,262
"Nonresidential buildings - Foreign Grant",2622000002,2,26,262
"Other Structures - Foreign Grant",2622000003,2,26,262
"Transport Equipment - Foreign Grant",2622000004,2,26,262
"Other Machinery and Equipment - Foreign Grant",2622000005,2,26,262
"Use of goods and services",2631100002,2,26,263
"Social Benefits",2631100003,2,26,263
"Other Expenses",2631100004,2,26,263
"Use of goods and services",2631200002,2,26,263
"Social Benefits",2631200003,2,26,263
"Other Expenses",2631200004,2,26,263
"Use of goods and services - Local Grant",2631300002,2,26,263
"Social Benefits - Local Grant",2631300003,2,26,263
"Other Expenses - Local Grant",2631300004,2,26,263
"Use of goods and services",2631400002,2,26,263
"Social Benefits",2631400003,2,26,263
"Other Expenses",2631400004,2,26,263
"Use of goods and services",2631500002,2,26,263
"Social Benefits",2631500003,2,26,263
"Other Expenses",2631500004,2,26,263
"Use of goods and services",2631600002,2,26,263
"Social Benefits",2631600003,2,26,263
"Other Expenses",2631600004,2,26,263
"Dwellings",2632100001,2,26,263
"Non-residential buildings",2632100002,2,26,263
"Other Structures",2632100003,2,26,263
"Transport Equipment",2632100004,2,26,263
"Other Machinery and Equipment",2632100005,2,26,263
"Dwellings",2632200001,2,26,263
"Non-residential buildings",2632200002,2,26,263
"Other Structures",2632200003,2,26,263
"Transport Equipment",2632200004,2,26,263
"Other Machinery and Equipment",2632200005,2,26,263
"Dwellings - Local Grant",2632300001,2,26,263
"Non-residential buildings - Local Grant",2632300002,2,26,263
"Other Structures - Local Grant",2632300003,2,26,263
"Transport Equipment - Local Grant",2632300004,2,26,263
"Other Machinery and Equipment - Local Grant",2632300005,2,26,263
"Dwellings",2632400001,2,26,263
"Non-residential buildings",2632400002,2,26,263
"Other Structures",2632400003,2,26,263
"Transport Equipment",2632400004,2,26,263
"Other Machinery and Equipment",2632400005,2,26,263
"Dwellings",2632500001,2,26,263
"Non-residential buildings",2632500002,2,26,263
"Other Structures",2632500003,2,26,263
"Transport Equipment",2632500004,2,26,263
"Other Machinery and Equipment",2632500005,2,26,263
"Dwellings",2632600001,2,26,263
"Non-residential buildings",2632600002,2,26,263
"Other Structures",2632600003,2,26,263
"Transport Equipment",2632600004,2,26,263
"Other Machinery and Equipment",2632600005,2,26,263
"Awards under pensions",2711000001,2,27,271
"Commutation of pension",2711000002,2,27,271
"Funeral expenses",2711000003,2,27,271
"Medical examination and expenses",2711000004,2,27,271
"Refunds of contributions",2711000005,2,27,271
"State service disability benefits",2711000006,2,27,271
"State service -pension and allowances",2711000007,2,27,271
"War pensions",2711000008,2,27,271
"War veterans pension",2711000009,2,27,271
"Old age pension",2711000010,2,27,271
"War victims pensions",2711000011,2,27,271
"State service-gratuities",2711000014,2,27,271
"State services-supplimentary and additional benefits",2711000015,2,27,271
"State service disability benefits-appliance",2711000016,2,27,271
"Employee Wellness-Sports",2711000017,2,27,271
"Employee Wellness-Sports",2712000001,2,27,271
"Children in difficult circumstances",2721000002,2,27,272
"Public assistance - Disabled",2721000003,2,27,272
"Health assistance",2721000005,2,27,272
"Public assistance - Aged",2721000007,2,27,272
"Supplementary feeding",2721000008,2,27,272
"Heroes Burial",2721000009,2,27,272
"Pauper burial",2721000010,2,27,272
"Public assistance - Families",2721000011,2,27,272
"Community Recovery Programme",2721000013,2,27,272
"Sustainable livelihood",2721000014,2,27,272
"Social assistance benefits in kind",2722000001,2,27,272
"Family benefits",2731000001,2,27,273
"All leave pay",2731000002,2,27,273
"Severance payments",2731000003,2,27,273
"Pension payments",2731000004,2,27,273
"Employer social benefits in kind",2732000001,2,27,273
"Income withdrawal of quasi-corporations",2812000001,2,28,281
"Government Insurance Scheme",2813000001,2,28,281
"Rent Payable",2814000001,2,28,281
"Debt service",2822010004,2,28,282
"Residential Buildings",3111110001,3,31,311
"Caravans",3111110002,3,31,311
"Houseboats",3111110003,3,31,311
"Mobile Homes",3111110004,3,31,311
"Buildings Improvements/Rehabilitation",3111110005,3,31,311
"Buildings",3111110006,3,31,311
"Commercial Buildings",3111120001,3,31,311
"Industrial Buildings",3111120002,3,31,311
"Institutional Buildings",3111120003,3,31,311
"Buildings Improvements/Rehabilitation",3111120004,3,31,311
"Buildings",3111120005,3,31,311
"Airport, Runways & Helipads",3111130001,3,31,311
"Roads",3111130002,3,31,311
"Bridges",3111130003,3,31,311
"Civil Works",3111130004,3,31,311
"Dams",3111130005,3,31,311
"Water infrastructure",3111130006,3,31,311
"Boreholes",3111130007,3,31,311
"Dip Tanks & Live Stock Management Facilities",3111130008,3,31,311
"Irrigation Schemes",3111130009,3,31,311
"Monuments",3111130010,3,31,311
"Water Reticulation system",3111130011,3,31,311
"Sewer Reticulation system",3111130012,3,31,311
"Sewer Infrastructure",3111130013,3,31,311
"Land Sites Improvements",3111140001,3,31,311
"Land Sites Rehabilitat & Upgrading",3111140002,3,31,311
"Land Sites",3111140003,3,31,311
"Aircraft (Non-Military)",3111210001,3,31,311
"Boats & Water Craft",3111210002,3,31,311
"Motor Cycles & Bicycles",3111210003,3,31,311
"Motor Vehicles",3111210004,3,31,311
"Tractors and Earthmoving Equipment",3111210005,3,31,311
"Aircraft (Non-Military)  upgrading are acquisition",3111210006,3,31,311
"Boats & Water Craft   upgrading are acquisition",3111210007,3,31,311
"Motor Cycles & Bicycles upgrading are acquisition",3111210008,3,31,311
"Motor Vehicles   Upgrading",3111210009,3,31,311
"Tractors and Earthmoving Equipment upgrading are acquisition",3111210010,3,31,311
"Information, Computer & Telecommunication (ICT) Equipment -acquisition",3111221001,3,31,311
"Information, Computer & Telecommunication (ICT) Equipment -upgrading",3111221002,3,31,311
"Generators",3111222001,3,31,311
"Machinery & Equipment not elsewhere classified -upgrading are acquisition",3111222002,3,31,311
"Survey Equipment",3111222003,3,31,311
"Funeral Equipment",3111222004,3,31,311
"Photographic/Media Equipment",3111222005,3,31,311
"Sports Equipment",3111222006,3,31,311
"Teaching and Training Equipment",3111222007,3,31,311
"Navigational and Telecommunications Equipment",3111222008,3,31,311
"Camping equipment",3111222009,3,31,311
"Kitchen and Culinary Equipment",3111222010,3,31,311
"Office Equipment",3111222011,3,31,311
"Furniture and Fittings",3111222012,3,31,311
"Laboratory Equipment",3111222013,3,31,311
"Hospital Equipment",3111222014,3,31,311
"Scales and Measures",3111222015,3,31,311
"Fire Fighting Equipment",3111222016,3,31,311
"Animal Resources Yielding Repeat Products",3111310001,3,31,311
"Tree, Crop & Plant Resources Yielding Repeat Products",3111310002,3,31,311
"Research & Development",3111320001,3,31,311
"Mineral Exploration & Evaluation",3111320002,3,31,311
"computer software",3111320003,3,31,311
"Data bases",3111320004,3,31,311
"Entertainment, Literary & Artistic Originals",3111320005,3,31,311
"Other Intellectual & Property Products",3111320006,3,31,311
"Costs of ownership transfer on Non-Produced Assets other than land",3111330001,3,31,311
"Weapons systems",3111400001,3,31,311
"Security Fire arms",3111400002,3,31,311
"Materials and supplies",3112210001,3,31,311
"Work in progress",3112220001,3,31,311
"Finished goods",3112230001,3,31,311
"goods for resale",3112240001,3,31,311
"military inventories",3112250001,3,31,311
"Subcontracting - Dwellings",3112300001,3,31,311
"Casual Labourers-Dwellings",3112300002,3,31,311
"Building Materials-Dwellings",3112300003,3,31,311
"Electrical Supplies-Dwellings",3112300004,3,31,311
"Plumbing Materials-Dwellings",3112300005,3,31,311
"Roofing Materials-Dwellings",3112300006,3,31,311
"Metal Fence & Posts",3112300007,3,31,311
"Road Surfacing Materials-Dwellings",3112300008,3,31,311
"Wood & Timber Supplies-Dwellings",3112300009,3,31,311
"Borehole Casings & Accessories-Dwellings",3112300010,3,31,311
"Protective clothing- Dwellings",3112300011,3,31,311
"Fuel-diesel and petrol-Dwellings",3112300012,3,31,311
"T and S allowances-Dwellings",3112300013,3,31,311
"Food and Refreshments Dwellings",3112300014,3,31,311
"Hire of Vehicles-Dwellings",3112300015,3,31,311
"Hire of Plant and Eqiupment-Dwellings",3112300016,3,31,311
"Vehicle and Mobile Equipment Maintanance-Dwellings",3112300017,3,31,311
"Tools and Small Implements-Dwellings",3112300018,3,31,311
"Consultancy Services-Dwellings",3112300019,3,31,311
"Public Relations and Communication-Dwellings",3112300020,3,31,311
"Office Supplies and Stationery -Dwellings",3112300021,3,31,311
"Subcontracting - Construction works",3112400001,3,31,311
"Casual Labourers-Buildings",3112400002,3,31,311
"Building Materials-Buildings",3112400003,3,31,311
"Electrical Supplies-Buildings",3112400004,3,31,311
"Plumbing Materials-Buildings",3112400005,3,31,311
"Roofing Materials-Buildings",3112400006,3,31,311
"Metal Fence & Posts-Buildings",3112400007,3,31,311
"Road Surfacing Materials-Buildings",3112400008,3,31,311
"Wood & Timber Supplies-Buildings",3112400009,3,31,311
"Borehole Casings & Accessories-Buildings",3112400010,3,31,311
"Protective clothing-buildings",3112400011,3,31,311
"Fuel-diesel and petrol-buildings",3112400012,3,31,311
"T and S allowances-biuldings",3112400013,3,31,311
"Food and Refreshmentsbuildings",3112400014,3,31,311
"Hire of Vehicles-buildings",3112400015,3,31,311
"Hire of Plant and Eqiupment-buildings",3112400016,3,31,311
"Vehicle and Mobile Equipment Maintanance-buildings",3112400017,3,31,311
"Tools and Small Implements-buildings",3112400018,3,31,311
"Consultancy Services-buildings",3112400019,3,31,311
"Public Relations and Communication-buildings",3112400020,3,31,311
"Office Supplies and Stationery -buildings",3112400021,3,31,311
"Subcontracting - Construction works",3112500001,3,31,311
"Casual Labourers",3112500002,3,31,311
"Building Materials",3112500003,3,31,311
"Electrical Supplies",3112500004,3,31,311
"Plumbing Materials",3112500005,3,31,311
"Roofing Materials",3112500006,3,31,311
"Metal Fence & Posts",3112500007,3,31,311
"Road Surfacing Materials",3112500008,3,31,311
"Wood & Timber Supplies",3112500009,3,31,311
"Borehole Casings & Accessories",3112500010,3,31,311
"Protective clothing-other structures",3112500011,3,31,311
"Fuel-diesel and petrol-other structures",3112500012,3,31,311
"T and S allowances-other structures",3112500013,3,31,311
"Food and Refreshments-other structures",3112500014,3,31,311
"Hire of Vehicles-other structures",3112500015,3,31,311
"Hire of Plant and Eqiupment-structures",3112500016,3,31,311
"Vehicle and Mobile Equipment Maintanance-other structures",3112500017,3,31,311
"Tools and Small Implements-other strucures",3112500018,3,31,311
"Consultancy Services-other structures",3112500019,3,31,311
"Public Relations and Communication-other structures",3112500020,3,31,311
"Office Supplies and Stationery -other structures",3112500021,3,31,311
"Precious stones and metals",3113100001,3,31,311
"Paintings, sculptures, and other art work or antiques",3113100002,3,31,311
"Jewellery",3113100003,3,31,311
"Other Valuables not elsewhere classified",3113100004,3,31,311
"Agricultural Land",3114100001,3,31,311
"Commercial Land",3114100002,3,31,311
"Derelict  Land",3114100003,3,31,311
"Industrial Land",3114100004,3,31,311
"Land for Institutional Buildings",3114100005,3,31,311
"Public Open Space",3114100006,3,31,311
"Residential Land",3114100007,3,31,311
"Mineral and energy resources",3114200001,3,31,311
"Non-cultivated Biological Resources",3114310001,3,31,311
"Water Resources",3114320001,3,31,311
"Radio Spectra",3114330001,3,31,311
"Natural Resources not elsewhere classified",3114330002,3,31,311
"Marketable operating leases",3114410001,3,31,311
"Permits to use natural resources",3114410002,3,31,311
"Permits to undertake specific activities",3114410003,3,31,311
"Entitlement to future goods and services on an exclusive basis",3114410004,3,31,311
"Goodwill and marketing assets",3114420001,3,31,311
"Residential Buildings",3121110001,3,31,312
"Caravans",3121110002,3,31,312
"Houseboats",3121110003,3,31,312
"Mobile Homes",3121110004,3,31,312
"Buildings",3121110005,3,31,312
"Commercial Buildings",3121120001,3,31,312
"Industrial Buildings",3121120002,3,31,312
"Institutional Buildings",3121120003,3,31,312
"Buildings",3121120004,3,31,312
"Airport, Runways & Helipads",3121130001,3,31,312
"Roads",3121130002,3,31,312
"Bridges",3121130003,3,31,312
"Civil Works",3121130004,3,31,312
"Dams",3121130005,3,31,312
"Water Works",3121130006,3,31,312
"Boreholes",3121130007,3,31,312
"Dip Tanks & Live Stock Management Facilities",3121130008,3,31,312
"Irrigation Schemes",3121130009,3,31,312
"Monuments",3121130010,3,31,312
"Land Sites",3121140001,3,31,312
"Aircraft (Non-Military)",3121210001,3,31,312
"Boats & Water Craft",3121210002,3,31,312
"Motor Cycles & Bicycles",3121210003,3,31,312
"Motor Vehicles",3121210004,3,31,312
"Tractors and Earthmoving Equipment",3121210005,3,31,312
"Information, Computer & Telecommunication (ICT) Equipment",3121221001,3,31,312
"Generators",3121222001,3,31,312
"Machinery & Equipment not elsewhere classified -",3121222002,3,31,312
"Survey Equipment",3121222003,3,31,312
"Funeral Equipment",3121222004,3,31,312
"Photographic/Media Equipment",3121222005,3,31,312
"Sports Equipment",3121222006,3,31,312
"Teaching and Training Equipment",3121222007,3,31,312
"Navigational and Telecommunications Equipment",3121222008,3,31,312
"Camping equipment",3121222009,3,31,312
"Kitchen and Culinary Equipment",3121222010,3,31,312
"Office Equipment",3121222011,3,31,312
"Furniture and Fittings",3121222012,3,31,312
"Laboratory Equipment",3121222013,3,31,312
"Hospital Equipment",3121222014,3,31,312
"Scales and Measures",3121222015,3,31,312
"Fire Fighting Equipment",3121222016,3,31,312
"Animal Resources Yielding Repeat Products",3121310001,3,31,312
"Tree, Crop & Plant Resources Yielding Repeat Products",3121310002,3,31,312
"Research & Development",3121320001,3,31,312
"Mineral Exploration & Evaluation",3121320002,3,31,312
"computer software",3121320003,3,31,312
"Data bases",3121320004,3,31,312
"Entertainment, Literary & Artistic Originals",3121320005,3,31,312
"Other Intellectual & Property Products",3121320006,3,31,312
"Costs of ownership transfer on Non-Produced Assets other than land",3121330001,3,31,312
"Weapons systems",3121400001,3,31,312
"Materials and supplies",3122210001,3,31,312
"Work in progress",3122220001,3,31,312
"Finished goods",3122230001,3,31,312
"goods for resale",3122240001,3,31,312
"military inventories",3122250001,3,31,312
"Subcontracting - Dwellings",3122300001,3,31,312
"Casual Labourers-Dwellings",3122300002,3,31,312
"Building Materials-Dwellings",3122300003,3,31,312
"Electrical Supplies-Dwellings",3122300004,3,31,312
"Plumbing Materials-Dwellings",3122300005,3,31,312
"Roofing Materials-Dwellings",3122300006,3,31,312
"Metal Fence & Posts",3122300007,3,31,312
"Road Surfacing Materials-Dwellings",3122300008,3,31,312
"Wood & Timber Supplies-Dwellings",3122300009,3,31,312
"Borehole Casings & Accessories-Dwellings",3122300010,3,31,312
"Protective clothing- Dwellings",3122300011,3,31,312
"Fuel-diesel and petrol-Dwellings",3122300012,3,31,312
"T and S allowances-Dwellings",3122300013,3,31,312
"Food and Refreshments Dwellings",3122300014,3,31,312
"Hire of Vehicles-Dwellings",3122300015,3,31,312
"Hire of Plant and Eqiupment-Dwellings",3122300016,3,31,312
"Vehicle and Mobile Equipment Maintanance-Dwellings",3122300017,3,31,312
"Tools and Small Implements-Dwellings",3122300018,3,31,312
"Consultancy Services-Dwellings",3122300019,3,31,312
"Public Relations and Communication-Dwellings",3122300020,3,31,312
"Office Supplies and Stationery -Dwellings",3122300021,3,31,312
"Subcontracting - Construction works",3122400001,3,31,312
"Casual Labourers-Buildings",3122400002,3,31,312
"Building Materials-Buildings",3122400003,3,31,312
"Electrical Supplies-Buildings",3122400004,3,31,312
"Plumbing Materials-Buildings",3122400005,3,31,312
"Roofing Materials-Buildings",3122400006,3,31,312
"Metal Fence & Posts-Buildings",3122400007,3,31,312
"Road Surfacing Materials-Buildings",3122400008,3,31,312
"Wood & Timber Supplies-Buildings",3122400009,3,31,312
"Borehole Casings & Accessories-Buildings",3122400010,3,31,312
"Protective clothing-buildings",3122400011,3,31,312
"Fuel-diesel and petrol-buildings",3122400012,3,31,312
"T and S allowances-biuldings",3122400013,3,31,312
"Food and Refreshmentsbuildings",3122400014,3,31,312
"Hire of Vehicles-buildings",3122400015,3,31,312
"Hire of Plant and Eqiupment-buildings",3122400016,3,31,312
"Vehicle and Mobile Equipment Maintanance-buildings",3122400017,3,31,312
"Tools and Small Implements-buildings",3122400018,3,31,312
"Consultancy Services-buildings",3122400019,3,31,312
"Public Relations and Communication-buildings",3122400020,3,31,312
"Office Supplies and Stationery -buildings",3122400021,3,31,312
"Subcontracting - Construction works",3122500001,3,31,312
"Casual Labourers",3122500002,3,31,312
"Building Materials",3122500003,3,31,312
"Electrical Supplies",3122500004,3,31,312
"Plumbing Materials",3122500005,3,31,312
"Roofing Materials",3122500006,3,31,312
"Metal Fence & Posts",3122500007,3,31,312
"Road Surfacing Materials",3122500008,3,31,312
"Wood & Timber Supplies",3122500009,3,31,312
"Borehole Casings & Accessories",3122500010,3,31,312
"Protective clothing-other structures",3122500011,3,31,312
"Fuel-diesel and petrol-other structures",3122500012,3,31,312
"T and S allowances-other structures",3122500013,3,31,312
"Food and Refreshments-other structures",3122500014,3,31,312
"Hire of Vehicles-other structures",3122500015,3,31,312
"Hire of Plant and Eqiupment-structures",3122500016,3,31,312
"Vehicle and Mobile Equipment Maintanance-other structures",3122500017,3,31,312
"Tools and Small Implements-other strucures",3122500018,3,31,312
"Consultancy Services-other structures",3122500019,3,31,312
"Public Relations and Communication-other structures",3122500020,3,31,312
"Office Supplies and Stationery -other structures",3122500021,3,31,312
"Precious stones and metals",3123100001,3,31,312
"Paintings, sculptures, and other art work or antiques",3123100002,3,31,312
"Jewellery",3123100003,3,31,312
"Other Valuables not elsewhere classified",3123100004,3,31,312
"Agricultural Land",3124100001,3,31,312
"Commercial Land",3124100002,3,31,312
"Derelict  Land",3124100003,3,31,312
"Industrial Land",3124100004,3,31,312
"Land for Institutional Buildings",3124100005,3,31,312
"Public Open Space",3124100006,3,31,312
"Residential Land",3124100007,3,31,312
"Mineral and energy resources",3124200001,3,31,312
"Non-cultivated Biological Resources",3124310001,3,31,312
"Water Resources",3124320001,3,31,312
"Radio Spectra",3124330001,3,31,312
"Natural Resources not elsewhere classified",3124330002,3,31,312
"Marketable operating leases",3124410001,3,31,312
"Permits to use natural resources",3124410002,3,31,312
"Permits to undertake specific activities",3124410003,3,31,312
"Entitlement to future goods and services on an exclusive basis",3124410004,3,31,312
"Goodwill and marketing assets",3124420001,3,31,312
"Residential Buildings",3131110001,3,31,313
"Caravans",3131110002,3,31,313
"Houseboats",3131110003,3,31,313
"Mobile Homes",3131110004,3,31,313
"Commercial Buildings",3131120001,3,31,313
"Industrial Buildings",3131120002,3,31,313
"Institutional Buildings",3131120003,3,31,313
"Airport, Runways & Helipads",3131130001,3,31,313
"Roads",3131130002,3,31,313
"Bridges",3131130003,3,31,313
"Civil Works",3131130004,3,31,313
"Dams",3131130005,3,31,313
"Water Works",3131130006,3,31,313
"Boreholes",3131130007,3,31,313
"Dip Tanks & Live Stock Management Facilities",3131130008,3,31,313
"Irrigation Schemes",3131130009,3,31,313
"Monuments",3131130010,3,31,313
"Railways",3131130011,3,31,313
"Land Sites",3131140001,3,31,313
"Land Sites Rehabilitation & Upgrading",3131140002,3,31,313
"Aircraft (Non-Military)",3131210001,3,31,313
"Boats & Water Craft",3131210002,3,31,313
"Motor Cycles & Bicycles",3131210003,3,31,313
"Motor Vehicles",3131210004,3,31,313
"Tractors and Earthmoving Equipment",3131210005,3,31,313
"Information, Computer & Telecommunication (ICT) Equipment",3131221001,3,31,313
"Generators",3131222001,3,31,313
"Machinery & Equipment not elsewhere classified -",3131222002,3,31,313
"Survey Equipment",3131222003,3,31,313
"Funeral Equipment",3131222004,3,31,313
"Photographic/Media Equipment",3131222005,3,31,313
"Sports Equipment",3131222006,3,31,313
"Teaching and Training Equipment",3131222007,3,31,313
"Navigational and Telecommunications Equipment",3131222008,3,31,313
"Camping equipment",3131222009,3,31,313
"Kitchen and Culinary Equipment",3131222010,3,31,313
"Office Equipment",3131222011,3,31,313
"Furniture and Fittings",3131222012,3,31,313
"Laboratory Equipment",3131222013,3,31,313
"Hospital Equipment",3131222014,3,31,313
"Scales and Measures",3131222015,3,31,313
"Fire Fighting Equipment",3131222016,3,31,313
"Animal Resources Yielding Repeat Products",3131310001,3,31,313
"Tree, Crop & Plant Resources Yielding Repeat Products",3131310002,3,31,313
"Research & Development",3131320001,3,31,313
"Mineral Exploration & Evaluation",3131320002,3,31,313
"computer software",3131320003,3,31,313
"Data bases",3131320004,3,31,313
"Entertainment, Literary & Artistic Originals",3131320005,3,31,313
"Other Intellectual & Property Products",3131320006,3,31,313
"Costs of ownership",3131330001,3,31,313
"Weapons systems",3131400001,3,31,313
"Special Drawing Rights (SDRs)",3211100001,3,32,321
"Cashbook-Receipts",3211210001,3,32,321
"Cashbook-Deposits CBZ",3211210002,3,32,321
"Cashbook-Deposits RBZ",3211210003,3,32,321
"Bank Account CBZ",3211210004,3,32,321
"Bank Account RBZ",3211210005,3,32,321
"Bank Account (Reserved for future use)",3211210006,3,32,321
"Cashbook",3211220001,3,32,321
"Bank Account?.",3211220002,3,32,321
"Cashbook",3211230001,3,32,321
"Bank Account ???",3211230002,3,32,321
"Cashbook",3211240001,3,32,321
"Bank Account ???",3211240002,3,32,321
"Short term :Foreign-Debt securities",3211300003,3,32,321
"Local-Debt securities",3211300004,3,32,321
"Long Term - Local Authorities",3211410001,3,32,321
"Short Term- Local Authorities",3211410002,3,32,321
"On Lending -Local Authorities",3211410003,3,32,321
"Long  Term- Parastatals",3211420001,3,32,321
"Short Term - Parastatals",3211420002,3,32,321
"On Lending -Local Public Entities",3211420003,3,32,321
"Foreign - Long term",3211430001,3,32,321
"Foreign - Short Term",3211430002,3,32,321
"Security Deposit on Rentals",3211430003,3,32,321
"Domestic - Long term",3211430004,3,32,321
"Domestic - Short Term",3211430005,3,32,321
"Security Deposit on Rentals",3211430006,3,32,321
"Welfare and benovelent  - loan fund",3211430007,3,32,321
"On Lending -Other Instititions not classfied",3211430008,3,32,321
"Vehicle loan scheme",3211430009,3,32,321
"Equity: Listed",3211510001,3,32,321
"Equity: Unlisted",3211510002,3,32,321
"Investment fund shares",3211520001,3,32,321
"Investment fund units and trusts",3211520002,3,32,321
"Nonlife insurance reserves",3211610001,3,32,321
"Life insurance",3211620001,3,32,321
"Annuities entitlements",3211620002,3,32,321
"Pension receivable",3211630001,3,32,321
"Provisions for calls on guarantee",3211650001,3,32,321
"Derivatives",3211710001,3,32,321
"Employee shares",3211720001,3,32,321
"Trade Credit",3211810001,3,32,321
"Debtor employee control account a/c",3211810002,3,32,321
"Advances to employees",3211810003,3,32,321
"Other accounts receivable",3211820001,3,32,321
"Claims of pension funds",3212640001,3,32,321
"Special Drawing Rights (SDRs)",3221100001,3,32,322
"Cashbook-Receipts",3221210001,3,32,322
"Cashbook-Deposits CBZ",3221210002,3,32,322
"Cashbook-Deposits RBZ",3221210003,3,32,322
"Bank Account CBZ",3221210004,3,32,322
"Bank Account RBZ",3221210005,3,32,322
"Bank Account (Reserved for future use)",3221210006,3,32,322
"Cashbook",3221220001,3,32,322
"Bank Account?.",3221220002,3,32,322
"Cashbook",3221230001,3,32,322
"Bank Account ???",3221230002,3,32,322
"Cashbook",3221240001,3,32,322
"Bank Account ???",3221240002,3,32,322
"Short term :Foreign-Debt securities",3221300003,3,32,322
"Local-Debt securities",3221300004,3,32,322
"Long Term - Local Authorities",3221410001,3,32,322
"Short Term- Local Authorities",3221410002,3,32,322
"On Lending -Local Authorities",3221410003,3,32,322
"Long  Term- Parastatals",3221420001,3,32,322
"Short Term - Parastatals",3221420002,3,32,322
"On Lending -Local Public Entities",3221420003,3,32,322
"Foreign - Long term",3221430001,3,32,322
"Foreign - Short Term",3221430002,3,32,322
"Security Deposit on Rentals",3221430003,3,32,322
"Domestic - Long term",3221430004,3,32,322
"Domestic - Short Term",3221430005,3,32,322
"Security Deposit on Rentals",3221430006,3,32,322
"Welfare and benovelent  - loan fund",3221430007,3,32,322
"On Lending -Other Instititions not classfied",3221430008,3,32,322
"Vehicle loan scheme",3221430009,3,32,322
"Equity: Listed",3221510001,3,32,322
"Equity: Unlisted",3221510002,3,32,322
"Investment fund shares",3221520001,3,32,322
"Investment fund units and trusts",3221520002,3,32,322
"Nonlife insurance reserves",3221610001,3,32,322
"Life insurance",3221620001,3,32,322
"Annuities entitlements",3221620002,3,32,322
"Pension receivable",3221630001,3,32,322
"Claims of pension funds",3221640001,3,32,322
"Provisions for calls on guarantee",3221650001,3,32,322
"Derivatives",3221710001,3,32,322
"Employee shares",3221720001,3,32,322
"Trade Credit",3221810001,3,32,322
"Debtor employee control account a/c",3221810002,3,32,322
"Advances to employees",3221810003,3,32,322
"Other accounts receivable",3221820001,3,32,322
"Currency and deposits",3311200001,3,33,331
"Treasury Bills Banks",3311310001,3,33,331
"Bonds banks",3311310002,3,33,331
"Debendures Banks",3311310003,3,33,331
"Treasury Bills Banks",3311320001,3,33,331
"Bonds banks",3311320002,3,33,331
"Debendures Banks",3311320003,3,33,331
"consesional loans",3311400001,3,33,331
"non-concesional loans",3311400002,3,33,331
"Equity",3311510001,3,33,331
"Investment fund shares or units",3311520001,3,33,331
"Non Life Insurance",3311610001,3,33,331
"Life Insurance",3311620001,3,33,331
"Annuities",3311620002,3,33,331
"Pension payable",3311630001,3,33,331
"Claims of pension",3311640001,3,33,331
"Provisions for calls under standardized guarantee schemes",3311650001,3,33,331
"Derivatives",3311710001,3,33,331
"Employee shares",3311720001,3,33,331
"Institutional creditors",3311810001,3,33,331
"Advances",3311810002,3,33,331
"Miscellaneous other accounts payable",3311820001,3,33,331
"Employees creditors",3311820002,3,33,331
"Temporary Deposits",3311820003,3,33,331
"Foreign Services-Float",3311820004,3,33,331
"Accrued Interest",3311820005,3,33,331
"Accrued Penalties",3311820006,3,33,331
"Special Drawing Rights (SDRs)",3321100001,3,33,332
"Currency and deposits",3321200001,3,33,332
"Treasury Bills Banks",3321310001,3,33,332
"Bonds banks",3321310002,3,33,332
"Debendures Banks",3321310003,3,33,332
"Treasury Bills Banks",3321320001,3,33,332
"Bonds banks",3321320002,3,33,332
"Debendures Banks",3321320003,3,33,332
"consesional loans",3321400001,3,33,332
"non-concesional loans",3321400002,3,33,332
"Equity",3321510001,3,33,332
"Investment fund shares or units",3321520001,3,33,332
"Non Life Insurance",3321610001,3,33,332
"Life Insurance",3321620001,3,33,332
"Annuities",3321620002,3,33,332
"Pension payable",3321630001,3,33,332
"Claims of pension",3321640001,3,33,332
"Provisions for calls under standardized guarantee schemes",3321650001,3,33,332
"Derivatives",3321710001,3,33,332
"Employee shares",3321720001,3,33,332
"Institutional creditors",3321810001,3,33,332
"Advances",3321810002,3,33,332
"Miscellaneous other accounts payable",3321820001,3,33,332
"Employees creditors",3321820002,3,33,332
"Temporary Deposits",3321820003,3,33,332
"Foreign Services-Float",3321820004,3,33,332
"Accrued Interest",3321820005,3,33,332
"Accrued Penalties",3321820006,3,33,332
"Special Drawing Rights (SDRs)",3511100001,3,35,351
"Cashbook-Receipts",3511210001,3,35,351
"Cashbook-Deposits CBZ",3511210002,3,35,351
"Cashbook-Deposits RBZ",3511210003,3,35,351
"Bank Account CBZ",3511210004,3,35,351
"Bank Account RBZ",3511210005,3,35,351
"Bank Account (Reserved for future use)",3511210006,3,35,351
"Cashbook",3511220001,3,35,351
"Bank Account?.",3511220002,3,35,351
"Cashbook",3511230001,3,35,351
"Bank Account ???",3511230002,3,35,351
"Cashbook",3511240001,3,35,351
"Bank Account ???",3511240002,3,35,351
"Short term :Foreign-Debt securities",3511300003,3,35,351
"Local-Debt securities",3511300004,3,35,351
"Long Term - Local Authorities",3511410001,3,35,351
"Short Term- Local Authorities",3511410002,3,35,351
"On Lending -Local Authorities",3511410003,3,35,351
"Long  Term- Parastatals",3511420001,3,35,351
"Short Term - Parastatals",3511420002,3,35,351
"On Lending -Local Public Entities",3511420003,3,35,351
"Foreign - Long term",3511430001,3,35,351
"Foreign - Short Term",3511430002,3,35,351
"Security Deposit on Rentals",3511430003,3,35,351
"Domestic - Long term",3511430004,3,35,351
"Domestic - Short Term",3511430005,3,35,351
"Security Deposit on Rentals",3511430006,3,35,351
"Welfare and benovelent  - loan fund",3511430007,3,35,351
"On Lending -Other Instititions not classfied",3511430008,3,35,351
"Vehicle loan scheme",3511430009,3,35,351
"Equity: Listed",3511510001,3,35,351
"Equity: Unlisted",3511510002,3,35,351
"Investment fund shares",3511520001,3,35,351
"Investment fund units and trusts",3511520002,3,35,351
"Nonlife insurance reserves",3511610001,3,35,351
"Life insurance",3511620001,3,35,351
"Annuities entitlements",3511620002,3,35,351
"Pension receivable",3511630001,3,35,351
"Claims of pension funds",3511640001,3,35,351
"Provisions for calls on guarantee",3511650001,3,35,351
"Derivatives",3511710001,3,35,351
"Employee shares",3511720001,3,35,351
"Trade Credit",3511810001,3,35,351
"Debtor employee control account a/c",3511810002,3,35,351
"Advances to employees",3511810003,3,35,351
"Other accounts receivable",3511820001,3,35,351
"Special Drawing Rights (SDRs)",3521100001,3,35,352
"Cashbook-Receipts",3521210001,3,35,352
"Cashbook-Deposits CBZ",3521210002,3,35,352
"Cashbook-Deposits RBZ",3521210003,3,35,352
"Bank Account CBZ",3521210004,3,35,352
"Bank Account RBZ",3521210005,3,35,352
"Bank Account (Reserved for future use)",3521210006,3,35,352
"Cashbook",3521220001,3,35,352
"Bank Account?.",3521220002,3,35,352
"Cashbook",3521230001,3,35,352
"Bank Account ???",3521230002,3,35,352
"Cashbook",3521240001,3,35,352
"Bank Account ???",3521240002,3,35,352
"Short term :Foreign-Debt securities",3521300003,3,35,352
"Local-Debt securities",3521300004,3,35,352
"Long Term - Local Authorities",3521410001,3,35,352
"Short Term- Local Authorities",3521410002,3,35,352
"On Lending -Local Authorities",3521410003,3,35,352
"Long  Term- Parastatals",3521420001,3,35,352
"Short Term - Parastatals",3521420002,3,35,352
"On Lending -Local Public Entities",3521420003,3,35,352
"Foreign - Long term",3521430001,3,35,352
"Foreign - Short Term",3521430002,3,35,352
"Security Deposit on Rentals",3521430003,3,35,352
"Domestic - Long term",3521430004,3,35,352
"Domestic - Short Term",3521430005,3,35,352
"Security Deposit on Rentals",3521430006,3,35,352
"Welfare and benovelent  - loan fund",3521430007,3,35,352
"On Lending -Other Instititions not classfied",3521430008,3,35,352
"Vehicle loan scheme",3521430009,3,35,352
"Equity: Listed",3521510001,3,35,352
"Equity: Unlisted",3521510002,3,35,352
"Investment fund shares",3521520001,3,35,352
"Investment fund units and trusts",3521520002,3,35,352
"Nonlife insurance reserves",3521610001,3,35,352
"Life insurance",3521620001,3,35,352
"Annuities entitlements",3521620002,3,35,352
"Pension receivable",3521630001,3,35,352
"Claims of pension funds",3521640001,3,35,352
"Provisions for calls on guarantee",3521650001,3,35,352
"Derivatives",3521710001,3,35,352
"Employee shares",3521720001,3,35,352
"Trade Credit",3521810001,3,35,352
"Debtor employee control account a/c",3521810002,3,35,352
"Advances to employees",3521810003,3,35,352
"Other accounts receivable",3521820001,3,35,352
"Currency and deposits",3611200001,3,36,361
"Treasury Bills Banks",3611310001,3,36,361
"Bonds banks",3611310002,3,36,361
"Debendures Banks",3611310003,3,36,361
"Treasury Bills Banks",3611320001,3,36,361
"Bonds banks",3611320002,3,36,361
"Debendures Banks",3611320003,3,36,361
"consesional loans",3611400001,3,36,361
"non-concesional loans",3611400002,3,36,361
"Equity",3611510001,3,36,361
"Investment fund shares or units",3611520001,3,36,361
"Non Life Insurance",3611610001,3,36,361
"Life Insurance",3611620001,3,36,361
"Annuities",3611620002,3,36,361
"Pension payable",3611630001,3,36,361
"Claims of pension",3611640001,3,36,361
"Provisions for calls under standardized guarantee schemes",3611650001,3,36,361
"Derivatives",3611710001,3,36,361
"Employee shares",3611720001,3,36,361
"Institutional creditors",3611810001,3,36,361
"Advances",3611810002,3,36,361
"Miscellaneous other accounts payable",3611820001,3,36,361
"Employees creditors",3611820002,3,36,361
"Temporary Deposits",3611820003,3,36,361
"Foreign Services-Float",3611820004,3,36,361
"Accrued Interest",3611820005,3,36,361
"Accrued Penalties",3611820006,3,36,361
"Special Drawing Rights (SDRs)",3621100001,3,36,362
"Currency and deposits",3621200001,3,36,362
"Treasury Bills Banks",3621310001,3,36,362
"Bonds banks",3621310002,3,36,362
"Debendures Banks",3621310003,3,36,362
"Treasury Bills Banks",3621320001,3,36,362
"Bonds banks",3621320002,3,36,362
"Debendures Banks",3621320003,3,36,362
"consesional loans",3621400001,3,36,362
"non-concesional loans",3621400002,3,36,362
"Equity",3621510001,3,36,362
"Investment fund shares or units",3621520001,3,36,362
"Non Life Insurance",3621610001,3,36,362
"Life Insurance",3621620001,3,36,362
"Annuities",3621620002,3,36,362
"Pension payable",3621630001,3,36,362
"Claims of pension",3621640001,3,36,362
"Provisions for calls under standardized guarantee schemes",3621650001,3,36,362
"Derivatives",3621710001,3,36,362
"Employee shares",3621720001,3,36,362
"Institutional creditors",3621810001,3,36,362
"Advances",3621810002,3,36,362
"Miscellaneous other accounts payable",3621820001,3,36,362
"Employees creditors",3621820002,3,36,362
"Temporary Deposits",3621820003,3,36,362
"Foreign Services-Float",3621820004,3,36,362
"Accrued Interest",3621820005,3,36,362
"Accrued Penalties",3621820006,3,36,362
"Residential Buildings",6111100001,6,61,611
"Caravans",6111100002,6,61,611
"Houseboats",6111100003,6,61,611
"Mobile Homes",6111100004,6,61,611
"Commercial Buildings",6111200001,6,61,611
"Industrial Buildings",6111200002,6,61,611
"Institutional Buildings",6111200003,6,61,611
"Buildings",6111200004,6,61,611
"Airport, Runways & Helipads",6111300001,6,61,611
"Roads",6111300002,6,61,611
"Bridges",6111300003,6,61,611
"Civil Works",6111300004,6,61,611
"Dams",6111300005,6,61,611
"Water Works",6111300006,6,61,611
"Boreholes",6111300007,6,61,611
"Dip Tanks & Live Stock Management Facilities",6111300008,6,61,611
"Irrigation Schemes",6111300009,6,61,611
"Monuments",6111300010,6,61,611
"Buildings",6111300011,6,61,611
"Land Sites",6111400001,6,61,611
"Aircraft (Non-Military)",6112100001,6,61,611
"Boats & Water Craft",6112100002,6,61,611
"Motor Cycles & Bicycles",6112100003,6,61,611
"Motor Vehicles",6112100004,6,61,611
"Tractors and Earthmoving Equipment",6112100005,6,61,611
"Information, Computer & Telecommunication (ICT) Equipment",6112210001,6,61,611
"Generators",6112220001,6,61,611
"Survey Equipment",6112220003,6,61,611
"Funeral Equipment",6112220005,6,61,611
"Photographic/Media Equipment",6112220007,6,61,611
"Sports Equipment",6112220009,6,61,611
"Teaching and Training Equipment",6112220011,6,61,611
"Navigational and Telecommunications Equipment",6112220013,6,61,611
"Camping equipment",6112220015,6,61,611
"Kitchen and Culinary Equipment",6112220017,6,61,611
"Office Equipment",6112220019,6,61,611
"Furniture and Fittings",6112220021,6,61,611
"Laboratory Equipment",6112220023,6,61,611
"Hospital Equipment",6112220025,6,61,611
"Scales and Measures",6112220027,6,61,611
"Fire Fighting Equipment",6112220029,6,61,611
"Animal Resources Yielding Repeat Products",6113100001,6,61,611
"Tree, Crop & Plant Resources Yielding Repeat Products",6113100002,6,61,611
"Research & Development",6113200001,6,61,611
"Mineral Exploration & Evaluation",6113200002,6,61,611
"computer software",6113200003,6,61,611
"Data bases",6113200004,6,61,611
"Entertainment, Literary & Artistic Originals",6113200005,6,61,611
"Other Intellectual & Property Products",6113200006,6,61,611
"Weapons systems",6114000001,6,61,611
"Materials and supplies",6122100001,6,61,612
"Work in progress",6122200001,6,61,612
"Finished goods",6122300001,6,61,612
"goods for resale",6122400001,6,61,612
"military inventories",6122500001,6,61,612
"Subcontracting - Dwellings",6123000001,6,61,612
"Casual Labourers-Dwellings",6123000002,6,61,612
"Building Materials-Dwellings",6123000003,6,61,612
"Electrical Supplies-Dwellings",6123000004,6,61,612
"Plumbing Materials-Dwellings",6123000005,6,61,612
"Roofing Materials-Dwellings",6123000006,6,61,612
"Metal Fence & Posts",6123000007,6,61,612
"Road Surfacing Materials-Dwellings",6123000008,6,61,612
"Wood & Timber Supplies-Dwellings",6123000009,6,61,612
"Borehole Casings & Accessories-Dwellings",6123000010,6,61,612
"Protective clothing- Dwellings",6123000011,6,61,612
"Fuel-diesel and petrol-Dwellings",6123000012,6,61,612
"T and S allowances-Dwellings",6123000013,6,61,612
"Food and Refreshments Dwellings",6123000014,6,61,612
"Hire of Vehicles-Dwellings",6123000015,6,61,612
"Hire of Plant and Eqiupment-Dwellings",6123000016,6,61,612
"Vehicle and Mobile Equipment Maintanance-Dwellings",6123000017,6,61,612
"Tools and Small Implements-Dwellings",6123000018,6,61,612
"Consultancy Services-Dwellings",6123000019,6,61,612
"Public Relations and Communication-Dwellings",6123000020,6,61,612
"Office Supplies and Stationery -Dwellings",6123000021,6,61,612
"Subcontracting - Construction works",6124000001,6,61,612
"Casual Labourers-Buildings",6124000002,6,61,612
"Building Materials-Buildings",6124000003,6,61,612
"Electrical Supplies-Buildings",6124000004,6,61,612
"Plumbing Materials-Buildings",6124000005,6,61,612
"Roofing Materials-Buildings",6124000006,6,61,612
"Metal Fence & Posts-Buildings",6124000007,6,61,612
"Road Surfacing Materials-Buildings",6124000008,6,61,612
"Wood & Timber Supplies-Buildings",6124000009,6,61,612
"Borehole Casings & Accessories-Buildings",6124000010,6,61,612
"Protective clothing-buildings",6124000011,6,61,612
"Fuel-diesel and petrol-buildings",6124000012,6,61,612
"T and S allowances-biuldings",6124000013,6,61,612
"Food and Refreshmentsbuildings",6124000014,6,61,612
"Hire of Vehicles-buildings",6124000015,6,61,612
"Hire of Plant and Eqiupment-buildings",6124000016,6,61,612
"Vehicle and Mobile Equipment Maintanance-buildings",6124000017,6,61,612
"Tools and Small Implements-buildings",6124000018,6,61,612
"Consultancy Services-buildings",6124000019,6,61,612
"Public Relations and Communication-buildings",6124000020,6,61,612
"Office Supplies and Stationery -buildings",6124000021,6,61,612
"Subcontracting - Construction works",6125000001,6,61,612
"Casual Labourers",6125000002,6,61,612
"Building Materials",6125000003,6,61,612
"Electrical Supplies",6125000004,6,61,612
"Plumbing Materials",6125000005,6,61,612
"Roofing Materials",6125000006,6,61,612
"Metal Fence & Posts",6125000007,6,61,612
"Road Surfacing Materials",6125000008,6,61,612
"Wood & Timber Supplies",6125000009,6,61,612
"Borehole Casings & Accessories",6125000010,6,61,612
"Protective clothing-other structures",6125000011,6,61,612
"Fuel-diesel and petrol-other structures",6125000012,6,61,612
"T and S allowances-other structures",6125000013,6,61,612
"Food and Refreshments-other structures",6125000014,6,61,612
"Hire of Vehicles-other structures",6125000015,6,61,612
"Hire of Plant and Eqiupment-structures",6125000016,6,61,612
"Vehicle and Mobile Equipment Maintanance-other structures",6125000017,6,61,612
"Tools and Small Implements-other strucures",6125000018,6,61,612
"Consultancy Services-other structures",6125000019,6,61,612
"Public Relations and Communication-other structures",6125000020,6,61,612
"Office Supplies and Stationery -other structures",6125000021,6,61,612
"Precious stones and metals",6131000001,6,61,613
"Paintings, sculptures, and other art work or antiques",6131000002,6,61,613
"Jewellery",6131000003,6,61,613
"Other Valuables not elsewhere classified",6131000004,6,61,613
"Agricultural Land",6141000001,6,61,614
"Commercial Land",6141000002,6,61,614
"Derelict  Land",6141000003,6,61,614
"Industrial Land",6141000004,6,61,614
"Land for Institutional Buildings",6141000005,6,61,614
"Public Open Space",6141000006,6,61,614
"Residential Land",6141000007,6,61,614
"Mineral and energy resources",6142000001,6,61,614
"Non-cultivated Biological Resources",6143100001,6,61,614
"Water Resources",6143200001,6,61,614
"Radio Spectra",6143300001,6,61,614
"Natural Resources not elsewhere classified",6143300002,6,61,614
"Marketable operating leases",6144100001,6,61,614
"Permits to use natural resources",6144100002,6,61,614
"Permits to undertake specific activities",6144100003,6,61,614
"Entitlement to future goods and services on an exclusive basis",6144100004,6,61,614
"Goodwill and marketing assets",6144200001,6,61,614
"Cashbook-Receipts",6212100001,6,62,621
"Cashbook-Deposits CBZ",6212100002,6,62,621
"Cashbook-Deposits RBZ",6212100003,6,62,621
"Bank Account CBZ",6212100004,6,62,621
"Bank Account RBZ",6212100005,6,62,621
"Bank Account (Reserved for future use)",6212100006,6,62,621
"Cashbook",6212200001,6,62,621
"Bank Account?.",6212200002,6,62,621
"Cashbook",6212300001,6,62,621
"Bank Account ???",6212300002,6,62,621
"Cashbook",6212400001,6,62,621
"Bank Account ???",6212400002,6,62,621
"Short term :Foreign-Debt securities",6213000003,6,62,621
"Local-Debt securities",6213000004,6,62,621
"Long Term - Local Authorities",6214100001,6,62,621
"Short Term- Local Authorities",6214100002,6,62,621
"On Lending -Local Authorities",6214100003,6,62,621
"Long  Term- Parastatals",6214200001,6,62,621
"Short Term - Parastatals",6214200002,6,62,621
"On Lending -Local Public Entities",6214200003,6,62,621
"Foreign - Long term",6214300001,6,62,621
"Foreign - Short Term",6214300002,6,62,621
"Security Deposit on Rentals",6214300003,6,62,621
"Domestic - Long term",6214300004,6,62,621
"Domestic - Short Term",6214300005,6,62,621
"Security Deposit on Rentals",6214300006,6,62,621
"Welfare and benovelent  - loan fund",6214300007,6,62,621
"On Lending -Other Instititions not classfied",6214300008,6,62,621
"Vehicle loan scheme",6214300009,6,62,621
"Equity: Listed",6215100001,6,62,621
"Equity: Unlisted",6215100002,6,62,621
"Investment fund shares",6215200001,6,62,621
"Investment fund units and trusts",6215200002,6,62,621
"Nonlife insurance reserves",6216100001,6,62,621
"Life insurance",6216200001,6,62,621
"Annuities entitlements",6216200002,6,62,621
"Pension receivable",6216300001,6,62,621
"Claims of pension funds",6216400001,6,62,621
"Provisions for calls on guarantee",6216500001,6,62,621
"Derivatives",6217100001,6,62,621
"Employee shares",6217200001,6,62,621
"Trade Credit",6218100001,6,62,621
"Debtor employee control account a/c",6218100002,6,62,621
"Advances to employees",6218100003,6,62,621
"Other accounts receivable",6218200001,6,62,621
"Special Drawing Rights (SDRs)",6221000001,6,62,622
"Cashbook-Receipts",6222100001,6,62,622
"Cashbook-Deposits CBZ",6222100002,6,62,622
"Cashbook-Deposits RBZ",6222100003,6,62,622
"Bank Account CBZ",6222100004,6,62,622
"Bank Account RBZ",6222100005,6,62,622
"Bank Account (Reserved for future use)",6222100006,6,62,622
"Cashbook",6222200001,6,62,622
"Bank Account?.",6222200002,6,62,622
"Cashbook",6222300001,6,62,622
"Bank Account ???",6222300002,6,62,622
"Cashbook",6222400001,6,62,622
"Bank Account ???",6222400002,6,62,622
"Short term :Foreign-Debt securities",6223000003,6,62,622
"Local-Debt securities",6223000004,6,62,622
"Long Term - Local Authorities",6224100001,6,62,622
"Short Term- Local Authorities",6224100002,6,62,622
"On Lending -Local Authorities",6224100003,6,62,622
"Long  Term- Parastatals",6224200001,6,62,622
"Short Term - Parastatals",6224200002,6,62,622
"On Lending -Local Public Entities",6224200003,6,62,622
"Foreign - Long term",6224300001,6,62,622
"Foreign - Short Term",6224300002,6,62,622
"Security Deposit on Rentals",6224300003,6,62,622
"Domestic - Long term",6224300004,6,62,622
"Domestic - Short Term",6224300005,6,62,622
"Security Deposit on Rentals",6224300006,6,62,622
"Welfare and benovelent  - loan fund",6224300007,6,62,622
"On Lending -Other Instititions not classfied",6224300008,6,62,622
"Vehicle loan scheme",6224300009,6,62,622
"Equity: Listed",6225100001,6,62,622
"Equity: Unlisted",6225100002,6,62,622
"Investment fund shares",6225200001,6,62,622
"Investment fund units and trusts",6225200002,6,62,622
"Investments Control Account",6225200003,6,62,622
"Nonlife insurance reserves",6226100001,6,62,622
"Life insurance",6226200001,6,62,622
"Annuities entitlements",6226200002,6,62,622
"Pension receivable",6226300001,6,62,622
"Provisions for calls on guarantee",6226500001,6,62,622
"Derivatives",6227100001,6,62,622
"Employee shares",6227200001,6,62,622
"Trade Credit",6228100001,6,62,622
"Debtor employee control account a/c",6228100002,6,62,622
"Advances to employees",6228100003,6,62,622
"Other accounts receivable",6228200001,6,62,622
"Currency and deposits",6312000001,6,63,631
"Treasury Bills Banks",6313100001,6,63,631
"Bonds banks",6313100002,6,63,631
"Debendures Banks",6313100003,6,63,631
"Treasury Bills Banks",6313200001,6,63,631
"Bonds banks",6313200002,6,63,631
"Debendures Banks",6313200003,6,63,631
"consesional loans",6314000001,6,63,631
"non-concesional loans",6314000002,6,63,631
"Equity",6315100001,6,63,631
"Investment fund shares or units",6315200001,6,63,631
"Non Life Insurance",6316100001,6,63,631
"Life Insurance",6316200001,6,63,631
"Annuities",6316200002,6,63,631
"Pension payable",6316300001,6,63,631
"Claims of pension",6316400001,6,63,631
"Provisions for calls under standardized guarantee schemes",6316500001,6,63,631
"Derivatives",6317100001,6,63,631
"Employee shares",6317200001,6,63,631
"Institutional creditors",6318100001,6,63,631
"Advances",6318100002,6,63,631
"Miscellaneous other accounts payable",6318200001,6,63,631
"Employees creditors",6318200002,6,63,631
"Temporary Deposits",6318200003,6,63,631
"Foreign Services-Float",6318200004,6,63,631
"Accrued Interest",6318200005,6,63,631
"Accrued Penalties",6318200006,6,63,631
"Special Drawing Rights (SDRs)",6321000001,6,63,632
"Currency and deposits",6322000001,6,63,632
"Treasury Bills Banks",6323100001,6,63,632
"Bonds banks",6323100002,6,63,632
"Debendures Banks",6323100003,6,63,632
"Treasury Bills Banks",6323200001,6,63,632
"Bonds banks",6323200002,6,63,632
"Debendures Banks",6323200003,6,63,632
"consesional loans",6324000001,6,63,632
"non-concesional loans",6324000002,6,63,632
"Equity",6325100001,6,63,632
"Investment fund shares or units",6325200001,6,63,632
"Non Life Insurance",6326100001,6,63,632
"Life Insurance",6326200001,6,63,632
"Annuities",6326200002,6,63,632
"Pension payable",6326300001,6,63,632
"Claims of pension",6326400001,6,63,632
"Provisions for calls under standardized guarantee schemes",6326500001,6,63,632
"Derivatives",6327100001,6,63,632
"Employee shares",6327200001,6,63,632
"Institutional creditors",6328100001,6,63,632
"Advances",6328100002,6,63,632
"Miscellaneous other accounts payable",6328200001,6,63,632
"Employees creditors",6328200002,6,63,632
"Temporary Deposits",6328200003,6,63,632
"Foreign Services-Float",6328200004,6,63,632
"Accrued Interest",6328200005,6,63,632
"Accrued Penalties",6328200006,6,63,632
"Residential Buildings",9111100001,9,91,911
"Caravans",9111100002,9,91,911
"Houseboats",9111100003,9,91,911
"Mobile Homes",9111100004,9,91,911
"Commercial Buildings",9111200001,9,91,911
"Industrial Buildings",9111200002,9,91,911
"Institutional Buildings",9111200003,9,91,911
"Buildings",9111200004,9,91,911
"Airport, Runways & Helipads",9111300001,9,91,911
"Roads",9111300002,9,91,911
"Bridges",9111300003,9,91,911
"Civil Works",9111300004,9,91,911
"Dams",9111300005,9,91,911
"Water Works",9111300006,9,91,911
"Boreholes",9111300007,9,91,911
"Dip Tanks & Live Stock Management Facilities",9111300008,9,91,911
"Irrigation Schemes",9111300009,9,91,911
"Monuments",9111300010,9,91,911
"Buildings",9111300011,9,91,911
"Land Sites",9111400001,9,91,911
"Aircraft (Non-Military)",9112100001,9,91,911
"Boats & Water Craft",9112100002,9,91,911
"Motor Cycles & Bicycles",9112100003,9,91,911
"Motor Vehicles",9112100004,9,91,911
"Tractors and Earthmoving Equipment",9112100005,9,91,911
"Information, Computer & Telecommunication (ICT) Equipment",9112210001,9,91,911
"Generators",9112220001,9,91,911
"Survey Equipment",9112220002,9,91,911
"Funeral Equipment",9112220003,9,91,911
"Photographic/Media Equipment",9112220004,9,91,911
"Sports Equipment",9112220005,9,91,911
"Teaching and Training Equipment",9112220006,9,91,911
"Navigational and Telecommunications Equipment",9112220007,9,91,911
"Camping equipment",9112220008,9,91,911
"Kitchen and Culinary Equipment",9112220009,9,91,911
"Office Equipment",9112220010,9,91,911
"Furniture and Fittings",9112220011,9,91,911
"Laboratory Equipment",9112220012,9,91,911
"Hospital Equipment",9112220013,9,91,911
"Scales and Measures",9112220014,9,91,911
"Fire Fighting Equipment",9112220015,9,91,911
"Animal Resources Yielding Repeat Products",9113100001,9,91,911
"Tree, Crop & Plant Resources Yielding Repeat Products",9113100002,9,91,911
"Research & Development",9113200001,9,91,911
"Mineral Exploration & Evaluation",9113200002,9,91,911
"computer software",9113200003,9,91,911
"Data bases",9113200004,9,91,911
"Entertainment, Literary & Artistic Originals",9113200005,9,91,911
"Other Intellectual & Property Products",9113200006,9,91,911
"Costs of ownership transfer on Non-Produced Assets other than land",9113300001,9,91,911
"Weapons systems",9114000001,9,91,911
"Materials and supplies",9122100001,9,91,912
"Work in progress",9122200001,9,91,912
"Finished goods",9122300001,9,91,912
"goods for resale",9122400001,9,91,912
"military inventories",9122500001,9,91,912
"Subcontracting - Dwellings",9123000001,9,91,912
"Casual Labourers-Dwellings",9123000002,9,91,912
"Building Materials-Dwellings",9123000003,9,91,912
"Electrical Supplies-Dwellings",9123000004,9,91,912
"Plumbing Materials-Dwellings",9123000005,9,91,912
"Roofing Materials-Dwellings",9123000006,9,91,912
"Metal Fence & Posts",9123000007,9,91,912
"Road Surfacing Materials-Dwellings",9123000008,9,91,912
"Wood & Timber Supplies-Dwellings",9123000009,9,91,912
"Borehole Casings & Accessories-Dwellings",9123000010,9,91,912
"Protective clothing- Dwellings",9123000011,9,91,912
"Fuel-diesel and petrol-Dwellings",9123000012,9,91,912
"T and S allowances-Dwellings",9123000013,9,91,912
"Food and Refreshments Dwellings",9123000014,9,91,912
"Hire of Vehicles-Dwellings",9123000015,9,91,912
"Hire of Plant and Eqiupment-Dwellings",9123000016,9,91,912
"Vehicle and Mobile Equipment Maintanance-Dwellings",9123000017,9,91,912
"Tools and Small Implements-Dwellings",9123000018,9,91,912
"Consultancy Services-Dwellings",9123000019,9,91,912
"Public Relations and Communication-Dwellings",9123000020,9,91,912
"Office Supplies and Stationery -Dwellings",9123000021,9,91,912
"Subcontracting - Construction works",9124000001,9,91,912
"Casual Labourers-Buildings",9124000002,9,91,912
"Building Materials-Buildings",9124000003,9,91,912
"Electrical Supplies-Buildings",9124000004,9,91,912
"Plumbing Materials-Buildings",9124000005,9,91,912
"Roofing Materials-Buildings",9124000006,9,91,912
"Metal Fence & Posts-Buildings",9124000007,9,91,912
"Road Surfacing Materials-Buildings",9124000008,9,91,912
"Wood & Timber Supplies-Buildings",9124000009,9,91,912
"Borehole Casings & Accessories-Buildings",9124000010,9,91,912
"Protective clothing-buildings",9124000011,9,91,912
"Fuel-diesel and petrol-buildings",9124000012,9,91,912
"T and S allowances-biuldings",9124000013,9,91,912
"Food and Refreshmentsbuildings",9124000014,9,91,912
"Hire of Vehicles-buildings",9124000015,9,91,912
"Hire of Plant and Eqiupment-buildings",9124000016,9,91,912
"Vehicle and Mobile Equipment Maintanance-buildings",9124000017,9,91,912
"Tools and Small Implements-buildings",9124000018,9,91,912
"Consultancy Services-buildings",9124000019,9,91,912
"Public Relations and Communication-buildings",9124000020,9,91,912
"Office Supplies and Stationery -buildings",9124000021,9,91,912
"Subcontracting - Construction works",9125000001,9,91,912
"Casual Labourers",9125000002,9,91,912
"Building Materials",9125000003,9,91,912
"Electrical Supplies",9125000004,9,91,912
"Plumbing Materials",9125000005,9,91,912
"Roofing Materials",9125000006,9,91,912
"Metal Fence & Posts",9125000007,9,91,912
"Road Surfacing Materials",9125000008,9,91,912
"Wood & Timber Supplies",9125000009,9,91,912
"Borehole Casings & Accessories",9125000010,9,91,912
"Protective clothing-other structures",9125000011,9,91,912
"Fuel-diesel and petrol-other structures",9125000012,9,91,912
"T and S allowances-other structures",9125000013,9,91,912
"Food and Refreshments-other structures",9125000014,9,91,912
"Hire of Vehicles-other structures",9125000015,9,91,912
"Hire of Plant and Eqiupment-structures",9125000016,9,91,912
"Vehicle and Mobile Equipment Maintanance-other structures",9125000017,9,91,912
"Tools and Small Implements-other strucures",9125000018,9,91,912
"Consultancy Services-other structures",9125000019,9,91,912
"Public Relations and Communication-other structures",9125000020,9,91,912
"Office Supplies and Stationery -other structures",9125000021,9,91,912
"Precious stones and metals",9131000001,9,91,913
"Paintings, sculptures, and other art work or antiques",9131000002,9,91,913
"Jewellery",9131000003,9,91,913
"Other Valuables not elsewhere classified",9131000004,9,91,913
"Agricultural Land",9141000001,9,91,914
"Commercial Land",9141000002,9,91,914
"Derelict  Land",9141000003,9,91,914
"Industrial Land",9141000004,9,91,914
"Land for Institutional Buildings",9141000005,9,91,914
"Public Open Space",9141000006,9,91,914
"Residential Land",9141000007,9,91,914
"Mineral and energy resources",9142000001,9,91,914
"Non-cultivated Biological Resources",9143100001,9,91,914
"Water Resources",9143200001,9,91,914
"Radio Spectra",9143300001,9,91,914
"Natural Resources not elsewhere classified",9143300002,9,91,914
"Marketable operating leases",9144100001,9,91,914
"Permits to use natural resources",9144100002,9,91,914
"Permits to undertake specific activities",9144100003,9,91,914
"Entitlement to future goods and services on an exclusive basis",9144100004,9,91,914
"Goodwill and marketing assets",9144200001,9,91,914
"Special Drawing Rights (SDRs)",9211000001,9,92,921
"Cashbook",9212200001,9,92,921
"Bank Account?.",9212200002,9,92,921
"Cashbook",9212300001,9,92,921
"Bank Account ???",9212300002,9,92,921
"Cashbook",9212400001,9,92,921
"Bank Account ???",9212400002,9,92,921
"Short term :Foreign-Debt securities",9213000001,9,92,921
"Local-Debt securities",9213000002,9,92,921
"Long Term - Local Authorities",9214100001,9,92,921
"Short Term- Local Authorities",9214100002,9,92,921
"On Lending -Local Authorities",9214100003,9,92,921
"Long  Term- Parastatals",9214200001,9,92,921
"Short Term - Parastatals",9214200002,9,92,921
"On Lending -Local Public Entities",9214200003,9,92,921
"Foreign - Long term",9214300001,9,92,921
"Foreign - Short Term",9214300002,9,92,921
"Security Deposit on Rentals",9214300003,9,92,921
"Domestic - Long term",9214300004,9,92,921
"Domestic - Short Term",9214300005,9,92,921
"Security Deposit on Rentals",9214300006,9,92,921
"Welfare and benovelent  - loan fund",9214300007,9,92,921
"On Lending -Other Instititions not classfied",9214300008,9,92,921
"Vehicle loan scheme",9214300009,9,92,921
"Equity: Listed",9215100001,9,92,921
"Equity: Unlisted",9215100002,9,92,921
"Investment fund shares",9215200001,9,92,921
"Investment fund units and trusts",9215200002,9,92,921
"Nonlife insurance reserves",9216100001,9,92,921
"Life insurance",9216200001,9,92,921
"Annuities entitlements",9216200002,9,92,921
"Pension receivable",9216300001,9,92,921
"Claims of pension funds",9216400001,9,92,921
"Provisions for calls on guarantee",9216500001,9,92,921
"Derivatives",9217100001,9,92,921
"Employee shares",9217200001,9,92,921
"Trade Credit",9218100001,9,92,921
"Debtor employee control account a/c",9218100002,9,92,921
"Advances to employees",9218100003,9,92,921
"Other accounts receivable",9218200001,9,92,921
"Special Drawing Rights (SDRs)",9221000001,9,92,922
"Short term :Foreign-Debt securities",9223000003,9,92,922
"Local-Debt securities",9223000004,9,92,922
"Long Term - Local Authorities",9224100001,9,92,922
"Short Term- Local Authorities",9224100002,9,92,922
"On Lending -Local Authorities",9224100003,9,92,922
"Long  Term- Parastatals",9224200001,9,92,922
"Short Term - Parastatals",9224200002,9,92,922
"On Lending -Local Public Entities",9224200003,9,92,922
"Foreign - Long term",9224300001,9,92,922
"Foreign - Short Term",9224300002,9,92,922
"Security Deposit on Rentals",9224300003,9,92,922
"Domestic - Long term",9224300004,9,92,922
"Domestic - Short Term",9224300005,9,92,922
"Security Deposit on Rentals",9224300006,9,92,922
"Welfare and benovelent  - loan fund",9224300007,9,92,922
"On Lending -Other Instititions not classfied",9224300008,9,92,922
"Vehicle loan scheme",9224300009,9,92,922
"Equity: Listed",9225100001,9,92,922
"Equity: Unlisted",9225100002,9,92,922
"Investment fund shares",9225200001,9,92,922
"Investment fund units and trusts",9225200002,9,92,922
"Nonlife insurance reserves",9226100001,9,92,922
"Life insurance",9226200001,9,92,922
"Annuities entitlements",9226200002,9,92,922
"Pension receivable",9226300001,9,92,922
"Claims of pension funds",9226400001,9,92,922
"Provisions for calls on guarantee",9226500001,9,92,922
"Derivatives",9227100001,9,92,922
"Employee shares",9227200001,9,92,922
"Trade Credit",9228100001,9,92,922
"Debtor employee control account a/c",9228100002,9,92,922
"Advances to employees",9228100003,9,92,922
"Other accounts receivable",9228200001,9,92,922
"Currency and deposits",9312000001,9,93,931
"Treasury Bills Banks",9313100001,9,93,931
"Bonds banks",9313100002,9,93,931
"Debendures Banks",9313100003,9,93,931
"Treasury Bills Banks",9313200001,9,93,931
"Bonds banks",9313200002,9,93,931
"Debendures Banks",9313200003,9,93,931
"consesional loans",9314000001,9,93,931
"non-concesional loans",9314000002,9,93,931
"Equity",9315100001,9,93,931
"Investment fund shares or units",9315200001,9,93,931
"Non Life Insurance",9316100001,9,93,931
"Life Insurance",9316200001,9,93,931
"Annuities",9316200002,9,93,931
"Claims of pension",9316400001,9,93,931
"Provisions for calls under standardized guarantee schemes",9316500001,9,93,931
"Derivatives",9317100001,9,93,931
"Employee shares",9317200001,9,93,931
"Institutional creditors",9318100001,9,93,931
"Advances",9318100002,9,93,931
"Miscellaneous other accounts payable",9318200001,9,93,931
"Employees creditors",9318200002,9,93,931
"Temporary Deposits",9318200003,9,93,931
"Foreign Services-Float",9318200004,9,93,931
"Accrued Interest",9318200005,9,93,931
"Accrued Penalties",9318200006,9,93,931
"Pension payable",9319300001,9,93,931
"Special Drawing Rights (SDRs)",9321000001,9,93,932
"Currency and deposits",9322000001,9,93,932
"Treasury Bills Banks",9323100001,9,93,932
"Bonds banks",9323100002,9,93,932
"Debendures Banks",9323100003,9,93,932
"Treasury Bills Banks",9323200001,9,93,932
"Bonds banks",9323200002,9,93,932
"Debendures Banks",9323200003,9,93,932
"consesional loans",9324000001,9,93,932
"non-concesional loans",9324000002,9,93,932
"Equity",9325100001,9,93,932
"Investment fund shares or units",9325200001,9,93,932
"Non Life Insurance",9326100001,9,93,932
"Life Insurance",9326200001,9,93,932
"Annuities",9326200002,9,93,932
"Pension payable",9326300002,9,93,932
"Claims of pension",9326400001,9,93,932
"Provisions for calls under standardized guarantee schemes",9326500001,9,93,932
"Derivatives",9327100001,9,93,932
"Employee shares",9327200001,9,93,932
"Institutional creditors",9328100001,9,93,932
"Advances",9328100002,9,93,932
"Miscellaneous other accounts payable",9328200001,9,93,932
"Employees creditors",9328200002,9,93,932
"Temporary Deposits",9328200003,9,93,932
"Foreign Services-Float",9328200004,9,93,932
"Accrued Interest",9328200005,9,93,932
"Accrued Penalties",9328200006,9,93,932
